unified_mlo,source_db,source_name,definition
,drllps,Microtubule,"Microtubules (MTs) are tubulin heterodimers that are arranged in a parallel shape of hollow cylinders which play roles in regulating the mechanical structure and dynamics of cells. Much of the structure and dynamics of MTs is highly ordered. In fact, microtubules were enable to be used as platforms to understand the mechanisms underlying liquidâliquid phase separation, some RNA binding proteins on microtubules leads to the formation of mRNA-rich liquid-like compartments on microtubules."
,drllps,Others,Others
a_matrix_holding_together_clusters_of_synaptic_vesicles_(svs),phasepro,a matrix holding together clusters of synaptic vesicles (SVs,
actin_cortical_patch,cdcode,Actin nucleator,"The processive actin polymerase and bundling protein, VASP, forms liquid-like droplets under physiological conditions in vitro"
actin_cortical_patch,cdcode,Cobl condensate,Condensates promoting actin nucleation
actin_cortical_patch,phasepro,actin cortical patch,"An endocytic patch that consists of an actin-containing structure found at the plasma membrane in cells; formed of networks of branched actin filaments that lie just beneath the plasma membrane and assemble, move, and disassemble rapidly. An example of this is the actin cortical patch found in Saccharomyces cerevisiae."
adhesin_nanodomain,phasepdb,Adhesin nanodomain,"In many of the known yeast cell adhesion proteins, there are amino acid sequences predicted to form amyloid-like β-aggregates. These sequences mediate amyloid formation in vitro. In vivo, these sequences mediate a phase transition from a disordered state to a partially ordered state to create patches of adhesins on the cell surface. These β-aggregated protein patches are called adhesin nanodomains, and their presence greatly increases and strengthens cell-cell interactions in fungal cell aggregation."
aggresome,cdcode,Aggresome,"Aggresomes are dynamic and reversible structures that form under stressed conditions. Aggresomes are crucial for bacterial fitness, providing a mechanism for spatial and temporal control of protein aggregation."
aggresome,cdcode,BAG2,"BAG2 condensates are found in the cytosol and triggered by several forms of stress, particularly hyper-osmotic stress. These condensates facilitate client degradation through the 20S proteasome, independent of ubiquitin. Unlike most condensates, BAG2 condensates do not contain RNA. These structures safeguard cell viability during stress and can move towards the client protein. Inhibition of the proteasome leads to the relocation of BAG2 condensates and autophagy markers to an aggresome-like structure."
aggresome,cdcode,Plectin condensates,Plectin (Plec) via its intrinsically disordered region (IDR)-mediated phase separation promotes osteoblast differentiation by sequestering Anxa2 through phase separation.
amyloid_aggregate,cdcode,Als5p amyloid,"In Candida albicans, soluble fragments of Als5p can form amyloid fibers."
anisosome,cdcode,Anisosome,Anisosomes are nuclear liquid spherical shells with liquid core formed by demixing of RNA-binding deficient TDP-43  protein molecules. Formation of anisosome droplets represent a liquid crystal formation and is important in age related neurodegenerative diseases.
anisosome,phasepdb,Anisosome,"RNA binding-deficient TDP-43 (produced by neurodegeneration-causing mutations or posttranslational acetylation in its RNA recognition motifs) drove TDP-43 demixing into intranuclear liquid spherical shells with liquid cores. These droplets, which we named ""anisosomes"", have shells that exhibit birefringence, thus indicating liquid crystal formation."
ankle_link_condensate,cdcode,Ankle Link Complex (ALC) Condensate,"The ankle link complex (ALC) condensate is a liquid-liquid phase-separated (LLPS) structure at cochlear hair cell stereocilia ankles. It promotes the assembly of the USH2 complex, important for stereocilia integrity and function."
ankle_link_condensate,cdcode,Row 1-specific tip complex condensates,"These condensates are located at the tip of the tallest stereocilia within mechanosensory hair cells. Their existence significantly enhances the capacity for actin bundling in these specialized projections, suggesting a potential connection to the determination of the tallest stereocilia"
arp2/3_protein_complex,phasepro,Arp2/3 protein complex,"A stable protein complex that contains two actin-related proteins, Arp2 and Arp3, and five novel proteins (ARPC1-5), and functions in the nucleation of branched actin filaments."
assemblysome,cdcode,Assemblysome,Cytoplasmic condensates composed of ribosome‐nascent protein chain complexes
bacterial_rnp-bodies_(br-bodies),phasepro,bacterial RNP-bodies (BR-bodies,
bacterial_rnp_body,cdcode,ABC transporter condensate,The ABC transporter (Rv1747) has a regulatory cytoplasmic module which undergoes phase separation and forms liquid- like condensates.
bacterial_rnp_body,cdcode,BR-body,"Bacillus subtilis

RNase Y assembles dynamically into foci in absence of its RNA substrates. This different from similar, bacterial RNase E-based BR bodies, involved in active RNA decay."
balbiani_body,cdcode,Balbiani body,"Germ plasm in developing oocytes of vertebrates is localized into a special membrane-less structure called Balbiani body (Bb).  Bb is packed with RNAs, mitochondria, Golgi and endoplasmic reticulum."
balbiani_body,cdcode,MARDO,MARDO (Mitochondria-Associated Ribonucleoprotein DOmain) is a mitochondria-associated condensate that is described to store maternal mRNAs in the oocyte
balbiani_body,cdcode,Mitochondrial cloud,"Germ plasm in developing oocytes of vertebrates is localized into a special membrane-less structure called Balbiani body (Bb).  Bb is packed with RNAs, mitochondria, Golgi and endoplasmic reticulum. Bb in Xenopus is termed mitochondrial cloud ."
balbiani_body,drllps,Balbiani body,"The Balbiani body is a structure conserved from insects to humans that appears as a large granule, similar to a mRNP granule composed of mRNA and proteins. It has amyloid-like properties and can connect cortical actin. In addition, Wilsch-Bräuninger et al. suggest that the sponge bodies, a subcellular structure in nurse cells and oocytes, are homologous to the mitochondrial cloud in Xenopus oocytes."
balbiani_body,phasepdb,Balbiani body,"Early oocytes of almost all studied animal species contain transient organelle assemblage called the Balbiani body (Bb) or “mitochondrial cloud”[1]. Bb in various species became extremely confusing and the name Balbiani body has been substituted with terms such as yolk nucleus/body/complex, vitelline/nucleus/body, mitochondrial cloud/mass/aggregate, sponge body or even, erroneously, has been equated to the germ plasm. The structure and composition of the Bb differ between species, it is highly dynamic during oocyte growth and in many instances its function(s) remains either highly hypothetical or completely unknown[2]. Bb always contains two essential elements: numerous tightly clustered mitochondria and accumulations of electron-dense granulo-fibrillar material, known as the nuage[1]."
balbiani_body,phasepro,mitochondrial cloud,A prominent mass in the cytoplasm of previtellogenic oocytes. The cloud contains both mitochondria and electron-dense granulofibrillar material (GFM) and is the source of germinal granule material.
baz2a_body,cdcode,BAZ2A bodies,"-BAZ2A bodies form in the nucleus and their presence is enhanced by increased concentrations of crowding agents (i.e. PEG8000) and their frequency and size is reduced with increased 16-hexanediol concentration.
https://pubmed.ncbi.nlm.nih.gov/38599210/"
cajal_body,cdcode,Cajal body,Cajal bodies are nuclear bodies which are composed of the scaffolding protein  Coilin and high concentrations of small nuclear ribonucleoproteins (snRNPs) which are involved in pre-mRNA splicing.These condensates are also suggested to contribute to RNA metabolism including snRNP biogenesis and telomerase biogenesis.
cajal_body,drllps,Cajal body,Cajal
cajal_body,phasepdb,Cajal body,"Cajal body (CB) contributes to the biogenesis of small nuclear RNPs (snRNPs), which are involved in pre-mRNA splicing. In addition to snRNPs, CBs also contain another type of RNP: small Cajal body-specific RNPs (scaRNPs). The presence of scaRNPs in the CB serves to modify the snRNA component of snRNPs. CBs also take part in the biogenesis of small nucleolar RNPs (snoRNPs). Like scaRNPs, there are 2 classes of snoRNPs: box H/ACA and box C/D. CBs also contain the RNP responsible for the formation of telomeres, telomerase. Along with snRNPs, scaRNPs and telomerase, the CB is enriched for many proteins[1]. Neuronal CBs concentrate coilin, fibrillarin, SMN (survival of motor neuron) and components of the splicing machinery indicating that they are canonical CBs potentially engaged in the assembly and maturation of spliceosomal snRNPs[2]. Fam118B was identified in a screen for coilin interacting proteins[1]. WRAP53β plays a central role in the maintenance of the nuclear organelles known as Cajal bodies, recruiting factors such as the SMN protein, scaRNAs and telomerase to these bodies[3]. Recent work has found that CB association with certain gene loci contributes to genome organization, especially of chromosome 1, and CBs impact the expression of many genes and RNA splicing. Since the CB plays an important role in the biogenesis of snRNP, scaRNP, snoRNP and telomerase, all of which are required for efficient and rapid cell proliferation, identification of signaling pathways that could be inhibited should be of therapeutic value in the treatment of cancer[1]."
carboxysome,cdcode,Carboxysome,Carboxysome is a bacterial organelle that has properties of a biomolecular condensate. Rubisco condensates formation is proposed to optimize the process of photosynthetic carbon fixation.
carboxysome,cdcode,Enzyme_shell proteins condensates,The shell protein PduBB0 interacts with the enzyme diol-dehy- dratase PduCDE and co-assemble into phase separated liquid droplets. The co-assembly of PduCDE and PduBB0 results in the enhancement of catalytic activity of the enzyme
carboxysome,phasepdb,Carboxysome,"Carboxysomes in cyanobacteria enclose the enzymes Rubisco and carbonic anhydrase to optimize photosynthetic carbon fixation. Understanding carboxysome assembly has implications in agricultural biotechnology. Here we analyzed the role of the scaffolding protein CcmM of the β-cyanobacterium Synechococcus elongatus PCC 7942 in sequestrating the hexadecameric Rubisco and the tetrameric carbonic anhydrase, CcaA. We find that the trimeric CcmM, consisting of γCAL oligomerization domains and linked small subunit-like (SSUL) modules, plays a central role in mediation of pre-carboxysome condensate formation through multivalent, cooperative interactions."
centrosome,cdcode,Centrosome,"Cetrosomes are the main microtubule organising centers (MTOC) of animal cells and thus are critical in regulating cell-cycle progression. Centrosomes nucleate microtubules during mitosis, allowing for chromosomal segregation. Each centrosome contains 2 centrioles arranged perpendicularly and surrounded by pericentriolar material (PCM)."
centrosome,cdcode,Pericentriolar compartment,"Cetrosomes are the main microtubule organising centers (MTOC) of animal cells and thus are critical in regulating cell-cycle progression. Centrosomes nucleate microtubules during mitosis, allowing for chromosomal segregation. Each centrosome contains 2 centrioles arranged perpendicularly and surrounded by pericentriolar material (PCM)."
centrosome,cdcode,Pericentriolar material,"The Pericentriolar material or cen mRNA granule is a ribonucleoprotein (RNP) condensate that localizes to the Pericentriolar Material (PCM) of the Drosophila centrosome. This condensate acts as a platform for the local translation of Cen,  which is improtant for organizing the mitotic spindle and facilitating mitosis."
centrosome,cdcode,Pericentriolar matrix,"Centrosomes are the main microtubule organising centers (MTOC) of animal cells and thus are critical in regulating cell-cycle progression. Centrosomes nucleate microtubules during mitosis, allowing for chromosomal segregation. Each centrosome contains 2 centrioles arranged perpendicularly and surrounded by pericentriolar material (PCM)."
centrosome,drllps,Centrosome/,"A centrosome is a composite material comprising a pair of 200-nm-long barrel-shaped centrioles surrounded by a dynamic protein mass called the pericentriolar material (PCM), which organizes hundreds to thousands of microtubules that build and position the mitotic spindle in metazoans. The seemingly unstructured mitotic PCM provides most of the mass and microtubule nucleation capacity of the centrosome, Mitotic PCM could also be liquid like, the mitotic PCM first assembles through phase separation of SPD-5 molecules around the centrioles. Liquid–liquid phase separation of the SPD-5 scaffold followed by maturation into a gel could explain why mitotic PCM is both spherical and stable."
centrosome,drllps,Pericentriolar matrix,"Pericentriolar matrix, also known as pericentriolar material. A centrosome consists of two barrel-shaped centrioles embedded in a matrix of proteins known as the pericentriolar material (PCM). The PCM serves as a platform for protein complexes that regulate organelle trafficking, protein degradation and spindle assembly. However, unlike other organelles, the PCM is not membrane bound, but rather a dynamic collection of protein complexes and nucleic acids that constitute the organelle's interior and determine its boundary. DYRK3 acts as a central dissolvase of several types of membraneless organelle during mitosis, through its ability to control the condensation of multiple compartments, DYRK3 may link structural and functional roles for RNA, transcription and splicing to the assembly of the mitotic spindle, and be involved in the maintenance of the pericentriolar matrix."
centrosome,phasepdb,Centrosome,"A centrosome is a composite material comprising a pair of 200-nm-long barrel-shaped centrioles surrounded by a dynamic protein mass called the pericentriolar material (PCM), which organizes hundreds to thousands of microtubules that build and position the mitotic spindle in metazoans (1). The seemingly unstructured mitotic PCM provides most of the mass and microtubule nucleation capacity of the centrosome, Mitotic PCM could also be liquid like, the mitotic PCM first assembles through phase separation of SPD-5 molecules around the centrioles. Liquid–liquid phase separation of the SPD-5 scaffold followed by maturation into a gel could explain why mitotic PCM is both spherical and stable"
centrosome,phasepdb,Pericentriolar matrix,"Pericentriolar matrix, also known as pericentriolar material. A centrosome consists of two barrel-shaped centrioles embedded in a matrix of proteins known as the pericentriolar material (PCM). The PCM serves as a platform for protein complexes that regulate organelle trafficking, protein degradation and spindle assembly. Perhaps most important for cell division, the PCM concentrates tubulin and serves as the primary organizing centre for microtubules in metazoan somatic cells. However, unlike other organelles, the PCM is not membrane bound, but rather a dynamic collection of protein complexes and nucleic acids that constitute the organelle's interior and determine its boundary."
centrosome,phasepro,pericentriolar material,A network of small fibers that surrounds the centrioles in cells; contains the microtubule nucleating activity of the centrosome.
cgas_dna_complex,cdcode,cGAS foci,The cytosolic DNA sensor cGMP-AMP (cGAMP) synthase (cGAS) detects both pathogenic and mislocalized DNA in the cytoplasm and activates innate immunity. The immunological response to cancer and pathogen infection is dependent on cGAS detection of cytosolic DNA. The spatial limitation of the DNA sensor cGAS prevents abnormal intracellular detection of self-DNA. The development of cytoplasmic foci containing cGAS and DNA is triggered by DNA emerging in the cytoplasm. Human cGAS (h-cGAS) constitutes an important therapeutic target for modulation of antiinflammatory responses that can contribute to the emergence of autoimmune disorders.
cgas_dna_complex,phasepdb,cGAS-DNA complex,"DNA binding to cGAS robustly induced the formation of liquid-like droplets in which cGAS was activated. The disordered and positively charged cGAS N terminus enhanced cGAS-DNA phase separation by increasing the valencies of DNA binding. Long DNA was more efficient in promoting cGAS liquid phase separation and cGAS enzyme activity than short DNA. Moreover, free zinc ions enhanced cGAS enzyme activity both in vitro and in cells by promoting cGAS-DNA phase separation. cGAS-DNA phase separation is required to resist negative regulation and allow efficient sensing of immunostimulatory DNA. DNA-induced phase transition of cGAS promotes cGAMP production and innate immune signaling."
cgas_dna_complex,phasepro,cGAS foci,
chloroplast_stress_granule,cdcode,Chloroplast Stress granule,"Chlamydomonas reinhardtii

Chloroplast stress granules in the eukaryotic green alga assemble upon stress-induced disassembly of the Rubisco holoenzyme in the pyrenoid. This activates the RNA-binding activity of LSU (large Rubisco subunit, P00877), followed by its concurrent aggregation and binding to mRNAs that are released from polysomes."
chromatin_compartment,cdcode,Euchromatin,"Chromatin is a complex of DNA and histone proteins that regulates gene expression as well as packaging genetic material to fit inside the cell. The proper functioning of chromatin also necessitates a web of interactions between molecular complexes that alter chromatin shape and organization to change DNA accessibility to transcription factors, resulting in the activation or repression of target DNA locus. Chromatin is divided into three types based on its shape and compaction state: euchromatin, heterochromatin, and centromeric chromatin. Euchromatin is characterized by active genes, broader spacing between nucleosomes, greater accessibility to transcription machinery, and histone modifications and variations that favor active transcription."
chromatin_compartment,drllps,Chromatin,"Chromatin is partitioned on multiple length scales into subcompartments that differ from each other with respect to their molecular composition and biological function. two different mechanisms for the formation of phase-separated chromatin subcompartments have been proposed. One is based on bridging proteins that cross-link polymer segments with particular properties. Bridging can induce a collapse of the nucleosome chain and associated factors into an ordered globular phase. The other mechanism is based on multivalent interactions among soluble molecules that bind to chromatin. These interactions can induce liquid-liquid phase separation, which drives the assembly of liquid-like nuclear bodies around the respective binding sites on chromatin. Both phase separation mechanisms can explain that chromatin bodies are dynamic spherical structures, which can coalesce and are in constant and rapid exchange with the surrounding nucleoplasm."
chromatin_compartment,phasepro,euchromatin,A dispersed and relatively uncompacted form of chromatin that is in a transcription-competent conformation.
chromogranin_condensate,cdcode,Chromogranin condensates,Chromogranin condensates are liquid-like assemblies forming in the lumen of the Trans Golgi Network.  The mildly acidic environment inside the Golgi lumen promotes the formation of these condensates and recruits the clients proteins like proinsulin. The formation of liquid-like assemblies provides a mechanism for a receptor-independent sorting of cargo molecules.
chromogranin_condensate,cdcode,Large dense-core vesicles,"Large dense-core vesicles (LDCVs) are large vesicles filled with multiple neuropeptides, hormones, and neurotransmitters that participate in various physiological processes. The formation of these vesicles is sensitive to pH and Ca2+ concentration"
cleavage_body,cdcode,Cleavage body,"Cleavage bodies are nuclear bodies which contain factors that are necessary for RNA transcription and/or processing. Cleavage bodies often colocalize with other nuclear bodies, such as DDX1 body and Cajal body"
cleavage_body,drllps,Cleavage body,"Cleavage bodies is a kind of nuclear PMLO (proteinaceous membrane-less organelles) located in Nucleus, It contains no DNA or RNA and it is fluid shaped as a spherical, it is associated with RNA metabolism, potentially serves as storage/assembly sites for proteins involved in transcription, splicing 3â-end processing of pre-mRNAs, and RNA degradation. They are formed as a result of highly regulated and reversible liquid-liquid demixing phase separation and represent condensed liquid droplets, which are invariantly enriched in intrinsically disordered proteins."
cojusome,cdcode,Cojusome,"The conjusome plays an important role in the conjugation events that occur in Tetrahymena thermophila. The conjusome appears in the anterior of conjugant pairs during the early stages of new macronuclei (anlagen) development. It lacks a membrane, and is composed of a network of fibrous, electron dense material, containing background cytoplasm and ribosomes. Several proteins localize to this organelle, including Pdd1p, a chromodomain protein that participates in the formation of chromatin-containing structures in developing macronuclear anlagen"
collagen-containing_extracellular_matrix,phasepro,collagen-containing extracellular matrix,"An extracellular matrix consisting mainly of proteins (especially collagen) and glycosaminoglycans (mostly as proteoglycans) that provides not only essential physical scaffolding for the cellular constituents but can also initiate crucial biochemical and biomechanical cues required for tissue morphogenesis, differentiation and homeostasis. The components are secreted by cells in the vicinity and form a sheet underlying or overlying cells such as endothelial and epithelial cells."
contractile_ring,cdcode,Contractile ring condensate,"As the final stage of cell cycle, actin filaments, myosin-II (Myo2), and numerous other proteins form a cytokinetic contractile ring that invaginates the plasma membrane to form a furrow that cleaves the cell into two daughter cells, this process is known as cytokinesis. Anillins are scaffold proteins of cytokinesis organizing center and their impairment impairs cytokinesis in the fission yeast Schizosaccharomyces pombe, resulted from aberrant contractile rings."
contractile_ring,phasepro,contractile ring,"A cytoskeletal structure composed of filamentous protein that forms beneath the membrane of many cells or organelles, in the plane of cell or organelle division. Ring contraction is associated with centripetal growth of the membrane that divides the cytoplasm of the two daughter cells or organelles."
cytoplasmic_microtubule,phasepro,cytoplasmic microtubule,Any microtubule in the cytoplasm of a cell.
cytoplasmic_protein_granule,cdcode,Cytoplasmic bodies,CBs is a collective term used for biomolecular condensates with members of ubiquitin ligases components. CBs are speculated function as aggresome precursors or storage compartments that segregate potentially harmful excess ubiquitin ligases molecules from the cytosol dilute phase.
cytoplasmic_rnp_granule,cdcode,Cpeb1b-Pabpc1b-shh Condensate,"The condensate forms from Cpeb1b, Pabpc1b, Tent2, and shha mRNA in zebrafish, exhibiting liquid-like properties. It is necessary for cytoplasmic polyadenylation of shha mRNA, promoting Hedgehog signaling and supporting hematopoiesis during zebrafish embryogenesis."
cytoplasmic_rnp_granule,cdcode,CPEB4 granule,"The intrinsically disordered regions in the N-terminal domain of the unphosphorylated CPEB4 phase separate into inactive, liquid-like droplets, CPEB4 granules. This process is coordinated by Cdk1 through inactivating CPEB1 while activating CPEB4, controlling the dynamic and reversible regulation of CPEB4 with that of CPEB1, integrating phase-specific signal transduction pathways to control cell cycle progression."
cytoplasmic_rnp_granule,cdcode,Cytoplasmic protein granule,Phase separated cytoplasmic proteins forming aggregates in the cytoplasm. A hallmark of neurodegenerative diseases is the accumulation of cytoplasmic protein aggregates in neurons.
cytoplasmic_rnp_granule,cdcode,Ddx3xb condensates,Ddx3xb condensates are ATP- and IDR-dependent assemblies identified in developing zebrafish embryos. The maintenance of liquid-like properties has been shown to facilitate mRNA translation during Maternal-to-zygotic (MZT) in early embryos.
cytoplasmic_rnp_granule,cdcode,FXR1 condensates,FXR1 undergoes phase separation to form mRNP granules in Late Spermatids (LS) and are indispensable for the male fertility in mice. FXR1 recruits translation factors like ELF4G3 into the condensates. The fusion of these FXR1 condensates with RNP granules in germ cells activate the translation of the stored mRNA .
cytoplasmic_rnp_granule,cdcode,MEX3B granule,"With MEX3B identified as a constituent of P-bodies, additional non-colocalizing condensates composed of labeled MEX3B are observed in MCF7 cells."
cytoplasmic_rnp_granule,cdcode,RNP granule,RNP granules are membrane-less organelles composed of RNA and proteins. RNA-binding proteins are key components of RNP granules. RNP granules deliver localized mRNAs delivered to areas of local protein synthesis.
cytoplasmic_rnp_granule,cdcode,Translational Condensate,"In yeast, translational condensates are specialized, membraneless compartments that form in response to cellular stress"
cytoplasmic_rnp_granule,cdcode,WHI3 cluster,WHI3 undergoes phase separation to form droplets with different biophysical properties. The properties of WHI3 droplets and their phase separation depends on different RNAs which interact with WHI3.
cytoplasmic_rnp_granule,phasepro,cytoplasmic protein granule,
cytoplasmic_rnp_granule,phasepro,cytoplasmic ribonucleoprotein granule,A ribonucleoprotein granule located in the cytoplasm.
d_granule,cdcode,D-granule,"Condensation of DIAPH3 proteins upon cellular stress, named as ""D-granule"
ddx1_body,cdcode,DDX1 body,"DDX1 body is a type of nuclear bodies. DDX1 bodies contain the protein DEAD box DDX1 protein, which  is a potential RNA unwinding protein linked to RNA processing and transport. Cleavage bodies and DDX1 bodies are frequently found colocalizing in the nucleus."
ddx1_body,drllps,DDX1 body,"Eukaryotic cells are inhomogeneously crowded with biological macromolecules (proteins and nucleic acids) and often contain numerous cellular bodies, including proteinaceous membrane-less organelles (PMLOs), They are formed as a result of highly regulated and reversible liquid-liquid demixing phase separation and represent condensed liquid droplets, which are invariantly enriched in intrinsically disordered proteins, DDX1 bodies is a kind of these bodies located in nucleus, It is fluid and related to the pre-mRNA processing."
degradosome,cdcode,Degradosome,"Escherichia coli

Membrane-associated RNP assembly in Escherichia coli, involved in ribosomal RNA (rRNA) processing and mRNA degradation. Composed of three central components: RNA helicase B, RNase E and Polynucleotide phosphorylase (PNPase). Activity regulated by bacterial, regulatory small RNAs (sRNA). Synonymous with 'BR-bodies' described in other bacterial species. Evidence for most components listed as members is co-purification with RNase E."
dna_damage_foci,cdcode,53BP1 Mitotic Stress Body (MSBs),"53BP1 Mitotic Stress Bodies (MSBs) are phase-separated condensates formed during mitotic stress in human cancer cells, primarily near centromeres. MSBs are driven by p53, are associated with DNA, and play a role in DNA repair and mitotic stress response."
dna_damage_foci,cdcode,DNA damage foci,"Double-strand breaks can be caused by a variety of physical and chemical factors, such as ionizing radiation and radiomimetic medicines, but they can also develop as secondary lesions during replication and DNA repair after exposure to a variety of genotoxins. Repair proteins aggregate at damaged areas in response to double strand breaks (DSB), forming membrane-less  subnuclear foci, supporting DNA repair."
dna_damage_foci,cdcode,PARP1-DNA condensate,"A phase-separated biomolecular assembly is established at sites of DNA damage, primarily mediated by poly(ADP-ribose) polymerase 1 (PARP1) and its affinity for double-stranded DNA. The condensate functions to stabilize broken DNA ends, promote the recruitment of repair factors, and is subject to regulation by PARP1-mediated PARylation, which facilitates disassembly following the completion of repair."
dna_damage_foci,cdcode,SOSS-INTAC Condensate,The SOSS-INTAC condensate is a nuclear condensate. It regulates R-loop levels and facilitates genome stability. This condensate participates in preventing transcription-replication conflicts
dna_damage_foci,cdcode,SSB condensate,"Bacterial single-stranded DNA binding protein (SSB) form condenates that are described to store DNA repair proteins that interact with SSB. It was shoiwn that levated levels of single-stranded DNA during genomic stress might dissolve SSB condensates, enabling rapid mobilization of SSB and SSB-interacting proteins to sites of DNA damage."
dna_damage_foci,cdcode,TopBP1 condensate,TopBP1 condensates are reversible and were shown to fuse. TopBP1 condensation is proposed to act as a molecular switch that amplifies ATR activity.
dna_damage_foci,drllps,DNA damage foci,"DNA damage response proteins such as γH2AX, ATM, 53BP1, RAD51, and the MRE11/RAD50/NBS1 complex, that accumulate and/or are modified in the vicinity of a chromosomal DNA double-strand break to form microscopically visible, subnuclear foci called DNA damage foci, also called (ionizing) radiationâinduced foci (IRIF or RIF) or DNA repair foci. The discovery of DNA damage foci has opened a new dimension to the field of DNA damage signaling. Analysis of the spatiotemporal dynamics of DSB induction and repair in situ or even in live cells has now become a standard method in many different fields."
dna_damage_foci,phasepdb,DNA damage foci,"There are a number of different names in use for DNA damage foci, such as (ionizing) radiation-induced foci (IRIF or RIF) or DNA repair foci. In general they all refer to local accumulations or modifications of DNA damage response proteins that form at the sites of DNA double-strand breaks and can be visualized through microscopic imaging following immunocyto- or -histochemical detection or fluorescent protein tagging. The first and most prominent protein for which foci formation at the site of a double strand break was described is the histone variant H2AX which gets phosphorylated at its C-terminal Ser-139 residue by the DNA damage-activated kinases ATM, ATR, and DNA-PK to form γH2AX. γH2AX then acts as a docking station for other DNA damage signaling factors such as MDC1 and 53BP1 which accumulate to form foci in a histone-modification-dependent manner[1]. IRIF are dynamic structures containing thousands of copies of proteins involved in various aspects of DSB repair and signaling. These proteins include phosphorylated ATM, 53BP1, MDC1, RAD51, MRN complex (MRE11/RAD50/NBS1), RNF8/KIAA0646, RNF168, and BRCA1-A complex (BRCA1, BARD1, UIMC1/RAP80, FAM175A/Abraxas, BRCC3/BRCC36, BRE/BRCC45 and MERIT40/NBA1)[2]."
dps_condensate,cdcode,Dps condensate,Dps (DNA-binding protein from starved cells) is the most abundant protein component of the nucleoid formaing condensates. Dps compacts DNA into a dense complex and protects it from damage and acts as a regulator of transcription.
elastin_granule,cdcode,Elastin granule,Monomers in elastin can phase separate and self-assemble into polymer networks with elasticity and robustness.
elva,cdcode,ELVA,"EndoLysosomal Cesicular Assemblies (ELVAs) are large, protein-rich compartments found in mouse oocytes. They sequester aggregated proteins and are characterized by the presence of lysosomal and autophagic markers. ELVAs are driven by the protein RUFY1, which forms a structural matrix within these assemblies."
endocytic_condensate,cdcode,Ede1 condensate,Ede1 is an endocytic  protein. Excess Ede1 in yeast cells phase separates into large condensates which  are able recruit other endocytic proteins.
endocytic_condensate,cdcode,Endocytic condensates,"Endocytic condensates are membraneless compartments formed by endocytic coat proteins containing prion-like domains. These condensates assemble at the plasma membrane to organize proteins, which helps drive membrane invagination for cellular uptake through endocytosis."
enhanceosome,phasepro,enhanceosome,A protein-DNA complex formed by the association of a distinct set of general and specific transcription factors with a region of enhancer DNA. The cooperative assembly of an enhanceosome confers specificity of transcriptional regulation.
enhancer_condensate,cdcode,Enhancer cluster,Enhancers are key regulatory elements that govern gene expression programs in response to developmental signals. TGF β pathway drives the assembly of an enhancer-cluster and precise gene activation. TGF β pathway coactivator JMJD3 is essential to maintain these structures.
enhancer_condensate,cdcode,MegaTrans enhancer complex,MegaTrans components (ESR1 and GATA3) are shown to phase separate and form micro-sized condensates in the presence of  5% polyethylene glycol asa crowding agent.
enhancer_condensate,phasepdb,enhancer condensate,"In human breast cancer cells, the acute 17β-estradiol-dependent activation of functional enhancers requires assembly of an enhancer RNA-dependent ribonucleoprotein (eRNP) complex exhibiting properties of phase-separated condensates. While acute ligand-dependent assembly of eRNPs resulted in enhancer activation sensitive to chemical disruption of phase separation, chronically activated enhancers proved resistant to such disruption, with progressive maturation of eRNPs to a more gel-like state. Acute, but not chronic, stimulation resulted in ligand-induced, condensin-dependent changes in spatial chromatin conformation based on homotypic enhancer association, resulting in cooperative enhancer-activation events."
enhancer_condensate,phasepro,nuclear bodies that occur at super enhancers in mESCs,
eres_condensate,cdcode,ERES,"ERESs (endoplasmic reticulum (ER) exit sites) are dynamic, liquid-like condensates formed by the phase separation of SEC16A and other early secretory pathway proteins. These condensates are described to be sensitive to the concentration of the kinase DYRK3. The SEC16A protein, particularly its intrinsically disordered regions (IDRs), plays a role in driving the liquid-liquid phase separation (LLPS) that forms these condensates"
escrt_condensate,cdcode,ESCRTs,ESCRT condensate  in yeast refers to the biomelcular condensate  formed by the early components of the Endosomal Sorting Complex Required for Transport (ESCRT) machinery at the membrane of the yeast lysosome or endosomes
exosomal_condensate,cdcode,SDC4 exosomal condensate,cell-membrane associated condensate driven by SDC4 critical for exosome formation and secretion
extracellular_matrix,phasepro,extracellular matrix,"A structure lying external to one or more cells, which provides structural support, biochemical or biomechanical cues for cells or tissues."
ferritin_condensate,cdcode,Ferritin-NCOA4 condensate,Ferritin–NCOA4 condensate formation is driven by NCOA4 self-interaction and responsible for ferritin degradation. These condesates are common substrates for macroautophagy and endosomal microautophagy.
frq_condensate,cdcode,FRQ condensate,"FRQ phase separates in a temperature-dependent manner, altering its phosphorylation by CK1."
ftsz_droplet,cdcode,FtsZ condensate,"When encapsulated in artificial cell-like systems created by microfluidics and under specific circumstances, such as being in a GDP-bound state and on conditions simulating the crowded environment of the cytoplasm that promote its oligomerization, bacterial FtsZ can undergo phase separation and form condensates."
ftsz_droplet,cdcode,FtsZ/SlmA body,FtsZ/SlmA  body is a bacterial nucleoprotein complex condensate which forms upon the interaction of FtsZ with SlmA. This condensate is dynamic and has liquid-liquid phase separation features.
ftsz_droplet,phasepro,Ftsz-rich droplets at specific chromosomal DNA sites,
galectin_condensate,cdcode,Galectin complex,The N-terminal domain of Galectin-3 contains aromatic residues which interact to phase separate the domain. This process is important for the extracellular agglutination function of Galectin-3.
galectin_condensate,phasepro,galectin complex,A homodimeric protein complex that is capable of binding a range of carbohydrates and is involved in anti-inflammatory and pro-apoptotic processes.
galectin_lattice,phasepro,galectin lattice,
gem,cdcode,SMN1 nuclear body,"Nuclear bodies are membraneless, RNA-rich organelles in the cell nucleus that concentrate certain nuclear proteins and RNA-protein complexes."
gem,drllps,Gemini of cajal body,"Eukaryotic cells are inhomogeneously crowded with biological macromolecules (proteins and nucleic acids) and often contain numerous cellular bodies, including proteinaceous membrane-less organelles (PMLOs), They are formed as a result of highly regulated and reversible liquid-liquid demixing phase separation and represent condensed liquid droplets, which are invariantly enriched in intrinsically disordered proteins. Gemini of Cajal bodies, also called as Gemini of coiled bodies or nuclear gems, is a kind of these bodies located in Nucleus of spherical shape, It do not contain snRNPs. The function of nuclear gems is still unknown, may be related to further maturation, storage or recycling of splicing factors."
gem,phasepdb,Gems,"Nuclear gems are enigmatic structures of unknown function. Until recently, the only components localized in gems were members of the SMN complex—the SMN protein and Gemins. In the cytoplasm, the SMN complex is essential for snRNP biogenesis but its role in the nucleus is unclear [29]. Loss of SMN protein results in degeneration of motor neurons and spinal muscular atrophy (SMA). An accompanying feature of SMA is loss of gems, which are also disrupted in the motor neuron disease—amyotrophic lateral sclerosis (ALS)."
germ_plasm,cdcode,Founder granule,"Founder granules are ribonucleoprotein (RNP) condensates formed by the agglomeration of oskar (osk) mRNA RNPs during late oogenesis in Drosophila. These granules are enriched at the posterior of the oocyte and are distinct from germ granules, they are transient and not inherited during embryogenesis. They serve to localize osk mRNA (as well as CycB and nos mRNA and others)."
germ_plasm,drllps,Germ plasm,"Germ plasm, a specialized cytoplasm present at the posterior of the early Drosophila embryo, is necessary and sufficient for germ cell formation. Germ plasm is rich in mitochondria and contains electron dense structures called polar granules, which are necessary for germ line formation and might be related to P bodies. In zebra-fish, germ plasm are proved to be related phase-separated structures. Throughout development, many germ cell-specific mRNAs and proteins condense as a single large aggregate (Bb), which disperse throughout oogenesis and upon fertilization accumulates again into relatively large assemblies (Gp). In many organisms, germ cell fate is imposed on cells through the cytoplasmic inheritance of germ plasm (Gp)."
germ_plasm,phasepdb,Germ plasm,"In many organisms, germ cell fate is imposed on cells through the cytoplasmic inheritance of P granule-like structures, called germ plasm (Gp). In zebrafish, Gp originates from an evolutionary conserved electron-dense aggregate in the oocyte, called the Balbiani body (Bb)."
germ_plasm,phasepro,germ plasm,"Differentiated cytoplasm associated with a pole of an oocyte, egg or early embryo that will be inherited by the cells that will give rise to the germ line."
glycolytic_body,cdcode,G-body,G-bodies are cytoplasmic granules which form in yeast from the aggregation of glycolysis enzymes in response to hypoxic stress. The formation of G-bodies is linked to a higher consumption rate of glucose and increased cell survival.
glycolytic_body,cdcode,PFK-1.1 condensates,PFK-1.1 condensates in Caenorhabditis elegans do not correspond to stress granules and might represent novel metabolic subcompartments
glycolytic_body,phasepdb,Glycolytic body,"In hypoxic stress conditions, glycolysis enzymes assemble into singular cytoplasmic granules called glycolytic (G) bodies. G body formation in yeast correlates with increased glucose consumption and cell survival. Glycolysis enzymes are non-canonical RNA binding proteins, sharing many common mRNA substrates that are also integral constituents of G bodies. Targeting nonspecific endoribonucleases to G bodies reveals that RNA nucleates G body formation and maintains its structural integrity. Consistent with a phase separation mechanism of biogenesis, recruitment of glycolysis enzymes to G bodies relies on multivalent homotypic and heterotypic interactions. G bodies fuse in vivo and are largely insensitive to 1,6-hexanediol, consistent with a hydrogel-like composition."
golgin_condensate,cdcode,Golgi ribbon,The protein GM130 (GOGA2) forms a membrane-bound RNA-dependent condensate that keeps the integrity of the Golgi ribbon.
golgin_condensate,cdcode,Golgin condensate,"Biomolecular condensates are micron-scale compartments in eukaryotic cells that operate to concentrate proteins and nucleic acids but lack surrounding membranes. RNA metabolism, ribosome biogenesis, the DNA damage response, and signal transmission are all affected by these condensates. Recent research has discovered that multivalent macromolecular interactions promote liquid-liquid phase separation, which is a fundamental organizing principle for biomolecular condensates."
golgin_condensate,phasepdb,Golgin condensate,"The Golgi is surrounded by a ribosome-excluding matrix. The cis-Golgi-localized golgin GM130 can phase-separate to form dynamic, liquid-like condensates in vitro and in vivo. The overexpression of each of the remaining cis (golgin160, GMAP210)- and trans (golgin97, golgin245, GCC88, GCC185)-golgins results in novel protein condensates. Pairs of golgins overexpressed in the same cell form distinct juxtaposed condensates. In addition to their established roles as vesicle tethers, phase separation may be a common feature of the golgin family that contributes to Golgi organization."
heterochromatin,cdcode,Heterochromatin,"Chromatin is a complex of DNA and histone proteins that regulates gene expression as well as packaging genetic material to fit inside the cell. The proper functioning of chromatin also necessitates a web of interactions between molecular complexes that alter chromatin shape and organization to change DNA accessibility to transcription factors, resulting in the activation or repression of target DNA locus. Chromatin is divided into three types based on its shape and compaction state: euchromatin, heterochromatin, and centromeric chromatin. Heterochromatin is related with gene silencing and is characterized by being less accessible than euchromatin and transcriptionally less active. In the nucleus, heterochromatin separates from euchromatin and is concentrated in the nuclear periphery and regions around the nucleolus."
heterochromatin,cdcode,sex body,"The sex body is a nuclear condensate formed during male meiosis in mouse pachytene spermatocytes, driven by the phase-separating protein MAPS. It is involved in silencing unsynapsed sex chromosomes and regulating chromatin behaviors."
heterochromatin,phasepdb,Heterochromatin,"In both Drosophila and mammalian cells, heterochromatin domains exhibit dynamics that are characteristic of liquid phase-separation, including sensitivity to the disruption of weak hydrophobic interactions, and reduced diffusion, increased coordinated movement and inert probe exclusion at the domain boundary. Known components of heterochromatin such as nucleosomes and DNA preferentially partition into the HP1α droplets, but molecules such as the transcription factor TFIIB show no preference. Both unmodified and phosphorylated HP1α induce rapid compaction of DNA strands into puncta, although with different characteristics."
heterochromatin,phasepro,heterochromatin,A compact and highly condensed form of chromatin that is refractory to transcription.
hippo_condensate,cdcode,Hippo signalosome,The Hippo signalosome condensates are formed by LATS2 and its associated proteins in response to cytoskeletal reorganization. These dynamic condensates play a role in spatially organizing and regulating Hippo pathway signaling.
hippo_condensate,cdcode,TAZ Condensate,"TAZ condensates are dynamic and are primarily formed through the involvement of the protein TAZ. Their formation is modulated by RNA-binding protein FUS, which acts as a dissolver of the condensates. Transcriptional co-activators are recruited into the condensates, such as  TEAD4, BRD4, and CycT1."
histone_locus_body,cdcode,Histone Locus Body,The Histone Locus Body (HLB) is a nucleus subdomain characterized by the concentration of components required for histone gene transcription and pre-mRNA processing. Histone mRNAs production takes place in HLBs.
histone_locus_body,drllps,Histone locus body,"The histone locus body (HLB) contains factors required for processing histone pre-mRNAs, which is present throughout the interphase of the cell cycle, but disappear during mitosis. It is associated with the genes that code for histones, suggesting that it may function to concentrate processing factors at their site of action. Besides, as one of the coilin-containing bodies like Cajal bodies , HLB in nuclei of late two-cell embryos are heterogeneous in both morphology and molecular composition, but their heterogeneity is not related to the number of coilin-positive intranuclear HLB structures."
histone_locus_body,phasepdb,Histone locus body,"The histone locus body (HLB) contains factors required for processing histone pre-mRNAs[1]. Production of histone mRNAs occurs in HLB, a subdomain of the nucleus defined by a concentration of factors necessary for histone gene transcription and pre-mRNA processing. HLB formation involves a combination of ordered and stochastic assembly steps, and cell cycle regulated changes in the HLB occur to activate histone gene expression during S phase[2]."
hyperosmotic_shock_foci,cdcode,Hypersomatic shock foci,"Hypersomatic shock foci are novel protein aggregates that are found to form instantly in response to hypersomatic stress. These foci appear/disappear seconds after shock onset/removal, corresponding to changes in cell volume."
hyperosmotic_shock_foci,phasepdb,Hyperosmotic shock foci,"Proteins can aggregate in response to stresses, including hyperosmotic shock. Formation and disassembly of aggregates is a relatively slow process. We describe a novel instant response of the cell to hyperosmosis, during which chaperones and other proteins form numerous foci with properties uncharacteristic of classical aggregates. These foci appeared/disappeared seconds after shock onset/removal, in close correlation with cell volume changes."
in_vitro_droplet,drllps,Droplet,Interactions
inava_condensate,cdcode,IL-1b-induced INAVA condensates,IL-1β-Induced INAVA Condensates are a specific physiological manifestation of INAVA condensates formed in response to the inflammatory cytokine Interleukin-1β (IL-1β). They represent a rapid physiological inflammatory response that naturally resolves within a few hours through disassembly rather than protein degradation
inava_condensate,cdcode,INAVA condensates,INAVA condensates are membraneless compartments formed via phase separation in response to cellular stressors-such as reactive oxygen species or proteasome inhibitors-to regulate protein ubiquitination and degradation.
inclusion_body,cdcode,Htt inclusion,"Inclusion bodies are insoluble aggregates of misfolded proteins inside the cell. A common pathogenic event in a range of neurodegenerative illnesses is aggregated proteins from the cytoplasm of nerve cells and glia. Misfolding and aggregation of huntingtin (Htt) protein results in Huntington's disease (HD), which is the most prevalent inherited neurodegenerative disease. The HD mutation causes an excessively long polyglutamine (polyQ) expansion in the Htt, which makes the protein more prone to aggregate."
inclusion_body,cdcode,Inclusion body,Inclusion bodies are insoluble aggregates of misfolded proteins inside the cell. A common pathogenic event in a range of neurodegenerative illnesses is aggregated proteins from the cytoplasm of nerve cells and glia.
inclusion_body,cdcode,inclusion body-associated granule (IBAG),"Inclusion Body-Associated Granules (IBAGs) are defined as dynamic substructures within viral inclusion bodies (IBs). IBAGs are functionally specialized for translation-related processes, distinct from the replication-focused IBs"
inclusion_body,cdcode,P6 inclusion body,"Cauliflower Mosaic Virus  forms inclusion bodies during infection, which are mostly made of the viral protein P6 and are the sites of viral activity."
inclusion_body,cdcode,TDP-25 inclusions,TDP‐25 inclusions are studied in neurons and show amorphous morphology and gel‐like biophysical properties. Aggregation‐prone TDP‐25 fragment (residues 220‐414 of full‐length human TDP‐43) is known to be implicated in ALS/FTD pathogenesis.
inclusion_body,phasepdb,Htt inclusion,"Huntingtin exon1 proteins can form reversible liquid-like assemblies, a process driven by huntingtin's polyQ tract and proline-rich region. In cells and in vitro, the liquid-like assemblies converted to solid-like assemblies with a fibrillar structure. Mutant huntingtin protein (mHtt) is unstable and accumulates in large intracellular inclusions both in affected individuals and when expressed in eukaryotic cells. mHtt inclusions are dynamic, mobile, gel-like structures that concentrate mHtt together with the disaggregase Hsp104."
inclusion_body,phasepdb,Inclusion body,"Studies with non-segmented negative-sense (NNS) RNA viruses have uncovered a key role of LLPS in the formation of viral inclusion bodies (IBs), sites of viral protein concentration in the cytoplasm of infected cells."
inclusion_body,phasepro,inclusion body,A discrete intracellular part formed of aggregated molecules such as proteins or other biopolymers.
inflammasome,cdcode,Inflammasome,"Inflammasomes are multiprotein platforms for caspase-1 activation which develop in response to a variety of outside and endogenous danger signals, resulting in the production of pro-inflammatory cytokines and the stimulation of inflammatory cell death via caspase-1 activation."
inflammasome,cdcode,TIFA-TRAF6 Condensate,TIFA-TRAF6 condensates cluster in a liquid-like state as “microreactors” for recruiting downstream signaling molecules affecting the ALPK1-TIFA-TRAF6 signaling pathway.
insulator_body,cdcode,Insulator body,Insulator bodies are specific nuclear speckles  that function as regulatory elements in modulating enhancer-promoter interactions. Insulator bodies are enriched in chromatin insulator proteins.
insulator_body,drllps,Insulator body,"Eukaryotic cells are inhomogeneously crowded with biological macromolecules (proteins and nucleic acids) and often contain numerous cellular bodies, including proteinaceous membrane-less organelles (PMLOs), They are formed as a result of highly regulated and reversible liquid-liquid demixing phase separation and represent condensed liquid droplets, which are invariantly enriched in intrinsically disordered proteins. Insulator bodies is a kind of these bodies located in nucleus without any DNA or RNA components and itâs periphery-associated, proved to be related to the response to osmotic stress. Under the osmotic stress, Chromatin insulators assist in the formation of higher-order chromatin structures by mediating long-range contacts between distant genomic sites, It has been suggested that insulators accomplish this task by forming dense nuclear foci termed insulator bodies that result from the coalescence of multiple protein-bound insulators."
integrin_adhesion_complex,cdcode,focal adhesion (FA) condensate,"The focal adhesion (FA) condensate is a membrane-less condensate formed by liquid-liquid phase separation (LLPS) at the FA periphery. It is improtant for focal adhesion morphology, cytoskeletal dynamics, and mechanical force sensing."
integrin_adhesion_complex,phasepdb,Integrin adhesion complex,"Integrin adhesion complexes (IACs) are integrin-based plasma-membrane-associated compartments where cells sense environmental cues. The physical mechanisms and molecular interactions that mediate initial IAC formation are unclear. We found that both p130Cas ('Cas') and Focal adhesion kinase ('FAK') undergo liquid-liquid phase separation in vitro under physiologic conditions. Cas- and FAK- driven phase separation is sufficient to reconstitute kindlin-dependent integrin clustering in vitro with recombinant mammalian proteins. In vitro condensates and IACs in mouse embryonic fibroblasts (MEFs) exhibit similar sensitivities to environmental perturbations including changes in temperature and pH. Furthermore, mutations that inhibit or enhance phase separation in vitro reduce or increase the number of IACs in MEFs, respectively."
intracellular_dna_protein_granule,phasepro,intracellular DNA/protein granule,
intracellular_non-membrane-bounded_organelle,phasepro,intracellular non-membrane-bounded organelle,"Organized structure of distinctive morphology and function, not bounded by a lipid bilayer membrane and occurring within the cell. Includes ribosomes, the cytoskeleton and chromosomes."
l_body,cdcode,L-bodies,"L-bodies, or localization bodies, are cytoplasmic RNP granules in Xenopus laevis oocytes, important for embryonic patterning, localizing maternal mRNAs."
l_body,phasepdb,L-body,"In this work, we have identified Xenopus oocyte transport RNPs, here termed localization-bodies (L-bodies), as novel biomolecular condensates. L-bodies are RNP granules composed of a nondynamic mRNA-containing phase enmeshed in a dynamic protein-containing layer. These large condensates contain a heterogeneous population of localized mRNAs, including vg1. Incorporation of mRNAs into L-bodies is correlated with localization and appears to rely on selective enrichment, specified by sequence features of resident mRNAs. Biochemical isolation and proteomic analysis of L-bodies reveals a high degree of compositional similarity to other classes of cytoplasmic RNP granules, with the majority of identified proteins showing either direct conservation with other RNP granule types, or a shared enrichment of multivalent RNA binding domains and IDRs."
liquid_dyrk3_speckle,cdcode,DYRK3 speckle,"The dual specificity tyrosine-phosphorylation-regulated kinase 3 (DYRK3) phase separates and form speckles which are similar to P-granules in C. elegans. In its inactive form, DYRK3 prevents the dissolution of stress granules."
liquid_dyrk3_speckle,phasepro,liquid-like DYRK3 speckles,
mast_cell_granule,cdcode,Mast cell extracellular granules (MCEGs),"Mast cell extracellular granules (MCEGs) are condensates found in the extracellular space, assembled through electrostatic interactions between glycosaminoglycans and polyamines."
mcd_condensate,cdcode,McdB condensate,"McdB protein Is crucial for organize ng reaction centers of Synechococcus elongatus where carbon dioxide in concerted into sugars. McdB condensates are suggested to enhance this process, as altering McdB affects phase separation properties and results in changes in organization of reaction centers."
mediator_condensate,phasepdb,Mediator condensate,"Master transcription factors (TFs) and the Mediator coactivator form phase-separated condensates at super-enhancers, which compartmentalize and concentrate the transcription apparatus at key cell identity genes. Hundreds of molecules of Pol II and mediator are concentrated in condensates at super-enhancers and large numbers of splicing factors are concentrated in nuclear speckles, some of which occur at highly active transcription sites."
midbody_granule,cdcode,Midbody Granule,"Phase-separated RNP granule involved in RNA storage, translation, and intercellular communication."
mirisc,cdcode,miRISC condensate,"miRISC is a multi-protein assembly that identifies mRNAs targeted for repression using microRNAs (miRNAs). In vitro and in living cells, it is demonstrated that two core protein components of human miRISC, Argonaute2 (Ago2) and TNRC6B, condense into phase-separated droplets."
mirisc,phasepdb,miRISC,"To exert their regulatory function, miRNAs associate with Argonaute proteins to form the core of the miRNA-induced silencing complex (miRISC). miRISC uses the sequence information in the miRNA as a guide to bind complementary sequences in mRNAs targeted for silencing."
mirisc,phasepro,micro-ribonucleoprotein complex,
mirisc,phasepro,RISC complex,"A ribonucleoprotein complex that contains members of the Argonaute family of proteins, small interfering RNAs (siRNAs) or microRNAs (miRNAs), and miRNA or siRNA-complementary mRNAs, in addition to a number of accessory factors. The RISC complex is involved in posttranscriptional repression of gene expression through downregulation of translation or induction of mRNA degradation."
mitochondrial_nucleoid,phasepdb,Mitochondrial nucleoid,"Mitochondria, the only semiautonomous organelles in mammalian cells, possess a circular, double-stranded genome termed mitochondrial DNA (mtDNA). While nuclear genomic DNA compaction, chromatin compartmentalization and transcription are known to be regulated by phase separation, how the mitochondrial nucleoid, a highly compacted spherical suborganelle, is assembled and functions is unknown. Here we assembled mitochondrial nucleoids in vitro and show that mitochondrial transcription factor A (TFAM) undergoes phase separation with mtDNA to drive nucleoid self-assembly. Moreover, nucleoid droplet formation promotes recruitment of the transcription machinery via a special, co-phase separation that concentrates transcription initiation, elongation and termination factors, and retains substrates to facilitate mtDNA transcription."
mitochondrial_rna_granule,cdcode,mtRNA granule,"Mitochondrial RNA (mtRNA) granules are RNA-rich granules located in close proximity to nucleoids inside mintochondria. mtRNA granules contain newly transcribed mtRNAS and various proteins participating in post-transcriptional processing and regulation of mtRNA, and mitoribosome assembly."
mitochondrial_rna_granule,drllps,Mitochondrial RNA granule,"Eukaryotic cells are inhomogeneously crowded with biological macromolecules (proteins and nucleic acids) and often contain numerous cellular bodies, including proteinaceous membrane-less organelles (PMLOs), They are formed as a result of highly regulated and reversible liquid-liquid demixing phase separation and represent condensed liquid droplets, which are invariantly enriched in intrinsically disordered proteins. Mitochondrial RNA granules is a kind of these bodies of spherical shape that located in mitochondria with mitochondrial mRNAs and mitochondrial ribosomes components and itâs proved to be related to the posttranscriptional RNA processing and biogenesis of mitochondrial ribosomes."
morc3_nuclear_body,cdcode,MORC3 nuclear body,"MORC3 forms phase-separated condensates with liquid-like properties in the cell nucleus, called MORC3 nuclear bodies (NBs). Nuclear bodies are membraneless organelles in the cell nucleus that concentrate certain nuclear proteins."
morc3_nuclear_body,phasepro,MORC3-NBs,
mutator_foci,cdcode,MUTator foci,"Mutator foci are perinuclear germline foci that connect with nuclear pores and P granules to promote short RNA amplification. Mutator foci are where RRF-1, a RdRP, and other Mutator complex proteins cluster. It is suggested that Mutator foci form as a result of MUT-16's liquid-liquid phase separation and they  have characteristics of phase-separated condensates."
mutator_foci,cdcode,SIMR foci,"HRDE-2 interacts with SIMR-1, HRDE-2 colocalizes with SIMR-1 at SIMR foci, HRDE-2 interacts with HRDE-1 confirmed by immunoprecipitation and mass spectrometry, HRDE-2 promotes specificity of HRDE-1 for WAGO-class small RNAs."
mutator_foci,phasepdb,Mutator foci,MUT-16 foci have many properties consistent with a phase-separated condensate and propose that Mutator foci form through liquid-liquid phase separation of MUT-16.
mutator_foci,phasepro,mutator focus,"A type of punctate focus localized to the perinuclear region of germline cytoplasm in C. elegans. Mutator foci are required for RNA interference (RNAi) and serve as sites of small inhibitory RNA (siRNA) amplification. As such, proteins that localize to mutator foci include RNA-directed RNA polymerases (RdRPs) and beta-nucleotidyltransferases. Mutator foci are distinct from, but adjacent to or partially overlap, P granules."
mutator_foci,phasepro,small RNA amplification complex,
necrosome,cdcode,Arsenite-induced Necrosome,"The arsenite-induced necrosome form within stress granules during arsenite-induced necroptosis. Stress granules serve as platforms for necrosome assembly, where ZBP1 recruits RIPK3, leading to the phosphorylation and activation of MLKL. This sequence ultimately leads to necroptosis, a regulated form of cell death. Based on previous research, the necrosome under these conditions is closely associated with oxidative stress and Z-RNA binding by ZBP1."
negri_body,cdcode,Negri body,Negri bodies (NBs) are inclusions or viral factories in the cytoplasm of the host cell where rabies virus replicates.
negri_body,phasepdb,Negri body,"Replication of Mononegavirales occurs in viral factories which form inclusions in the host-cell cytoplasm. For rabies virus, those inclusions are called Negri bodies (NBs). NB have characteristics similar to those of liquid organelles: they are spherical, they fuse to form larger structures, and they disappear upon hypotonic shock."
neuron_projection,phasepro,neuron projection,"A prolongation or process extending from a nerve cell, e.g. an axon or dendrite."
neuronal_granule,cdcode,IMP1 RNP granule,RNP granules are membrane-less organelles composed of RNA and proteins. RNA-binding proteins are key components of RNP granules. RNP granules deliver localized mRNAs delivered to areas of local protein synthesis.
neuronal_granule,cdcode,Neuronal granule,"Neuronal RNP granules are nonmembrane bound macromolecular condensates that concentrate certain sets of mRNAs and regulatory proteins, allowing them to travel longer distances to axons or dendrites. RNP granules in neurons have a dual role in regulating the translation of linked mRNAs: at rest, they impede mRNA translation, but once activated, they fuel local protein synthesis."
neuronal_granule,cdcode,Neuronal RNP granule,"Neuronal RNP granules are nonmembrane bound macromolecular condensates that concentrate certain sets of mRNAs and regulatory proteins, allowing them to travel longer distances to axons or dendrites. RNP granules in neurons have a dual role in regulating the translation of linked mRNAs: at rest, they impede mRNA translation, but once activated, they fuel local protein synthesis."
neuronal_granule,cdcode,RBFOX1 RNP granule,Rbfox1 is an low complexity domain containing protein that form liquid droplets and amyloid-like fibers and promiscuously links various nuclear and cytoplasmic RNP granules.
neuronal_granule,cdcode,TIAR2 neuronal granule,"In C. elegans, the TIAR-2/TIA protein inhibits axon regeneration through cell-autonomous action. In vivo, TIAR-2 forms granules and undergoes liquid-liquid phase separation in vitro. Axon damage causes a momentary rise in the quantity of TIAR-2 granules."
neuronal_granule,drllps,Neuronal granule,"Neuronal granules are also referred to as neuronal transport granules, RNA-transporting granules, neuronal RNA granules, dendritic P-body like structures (dlP-bodies), FMRP granules and Staufen granules. They are broadly identified by the presence of two highly conserved proteins: Staufen, a double-stranded RNA-binding protein and FMRP. As a kind of cytoplasmic RNP bodies located in Cytoplasm of neurons, neuronal transport RNPs have highly specialized functions and have been shown to interact or co-localize with components of GW/P bodies, it's microtubule-dependent and contain Silenced mRNAs and ribosomes components. Neuronal RNA bodies is of spherical shape with fluid characteristics, proved to be associated with rotein synthesis in response to exogenous stimuli."
neuronal_granule,phasepdb,IMP1 ribonucleoprotein granule,"Insulin-like growth factor II mRNA-binding protein (IMP) zip code-binding proteins participate in mRNA localization, and in motile cells IMP-containing granules are dispersed around the nucleus and in cellular protrusions. We isolated the IMP1-containing RNP granules and found that they represent a unique RNP entity distinct from neuronal hStaufen and/or fragile X mental retardation protein granules, processing bodies, and stress granules. Granules were 100-300 nm in diameter and consisted of IMPs, 40 S ribosomal subunits, shuttling heterologous nuclear RNPs, poly(A)-binding proteins, and mRNAs."
neuronal_granule,phasepdb,Neuronal granule,"In mammalian neurons, mRNAs to be targeted to these distant sites can be packaged into Neuronal granules (NGs), where they can remain translationally repressed until they are released at their final destination and translated in response to specific exogenous stimuli. Like stress granules (SGs), NGs contain mRNA, small and large ribosomal subunits, translation initiation factors and RNA-binding proteins that regulate mRNA function. Despite possessing ribosomes, mRNAs present within NGs are probably not translated until they reach the synapse, where their translation may require activating stimuli. SGs and NGs possess many of the same protein components, and Staufen, for example, can be transferred from NGs to SGs during stress in rat oligodendrocytes."
neuronal_granule,phasepro,neuronal ribonucleoprotein granule,"A ribonucleoprotein complex that is found in the cytoplasm of axons and dendrites, and transports translationally silenced mRNAs to dendritic synapses, where they are released and translated in response to specific exogenous stimuli."
npr1_condensate,phasepdb,NPR1 Condensate,"NPR1 contains intrinsically disordered regions (IDRs). In response to SA, NPR1 undergoes transition into cytoplasmic condensate-like structures enriched with proteins regulating ETI cell death, DNA damage response, redox metabolism, and ubiquitination. This SA-triggered NPR1 condensation is mediated through conserved cysteine clusters within its IDRs and is required for formation of a functional NPR1-CRL3 adaptor complex in the cytoplasm. Using cell biology, molecular, and genetic analyses, we demonstrate that recruitment of the CRL3 ubiquitination machinery into SA-induced NPR1 condensates is an essential function of NPR1 in mediating protein homeostasis and cell survival."
nuage,cdcode,Chromatoid body,Chromatoid bodies (CBs) are germ cell specific RNP granules localized in the cytoplasm of spermatids. CB forms as spermatogenesis switches between the meiotic and post-meiotic phases and is involved in the regulation of the haploid male germ cell's exceptionally diverse transcriptome.
nuage,cdcode,IMC (intermitochondrial cement),"Condensate (IMC or intramidochondrial cement) is found in vertebrate male germ cells, where it acts a glue that teathers clusters of mitochondria. Several functions hjave been identified, includibng piRNA pocessing.|, fusion/fission,"
nuage,cdcode,Nuage,"In many animals, maternal cytoplasmic factors called germ plasm regulate gamete production during embryogenesis. Germ plasm is a cytoplasmic determinant  composed mainly of RNAs and proteins and is inherited from the mother to the offspring inside the egg."
nuage,drllps,Chromatoid body,"A single large granule of nuage, presents in post-meiotic spermatids is called the chromatoid body. Multiple proteins and some mRNAs have been found to localized to the chromatoid body including mouse VASA homolog , tudor-domain containing 1 (TDRD1), tudor-domain containing 6 (TDRD6), and tudor-domain containing 7 (TDRD7) , transition protein 2 (Tnp2), RANBP9, as a known MVH interactor also localizes to it. Its formation is related to the coalescence of intermitochondrial cement granules. In fact, the formation of the chromatoid body is not required for microRNA biogenesis, but might be important for its action on target mRNAs. In mice, the chromatoid body is a structure resembles Gp, TDRD6 plays a role in establishing the body and the localization of piRNA pathway components to this body."
nuage,drllps,Nuage,"In recent years, molecular identification of the components of these germ cell substances has revealed that the molecular components overlap somewhat and thus germ plasm/granule and nuage have at times been treated as largely equivalent. In primary oocytes of some animals, maternal germ plasm first assembles within an ancient perinuclear oocyte structure known as the Balbiani body and later is found at the oocyte cortex, the posterior pole in some insects or the vegetal pole of some vertebrates. Nuage is the perinuclear granulo-fibrillar electron-dense material that has been identified through histological and ultrastructural examination of oocytes from invertebrates through vertebrates and that is present in various conformations in cells of the male and female gametes."
nuage,phasepdb,Nuage,"Germ granules appear as rounded fibrillar aggregates (or nuage) that cluster around nuclei[1]. P-granules, the worm analog of mammalian nuage or germ granules, condense from a pool of diffuse constituents following specific biological cues. A primary constituent of nuage is Ddx4. Typical of non-membrane encapsulated organelles, nuages are generally spherical and dynamically change in number, size, and composition over their lifecycle, appearing first in the juxtanuclear cytoplasm of early spermatocytes, moving toward the base of the flagellum during spermatogenesis before finally dispersing[2]."
nuclear_body,cdcode,AFAP1-AS1 condensates,The AFAP1-AS1 condensate is a biomolecular condensate formed as a result of phase separation of the long non-coding RNA actin filament associated protein 1 antisense RNA 1 (AFAP1-AS1). AFAP1-AS1 condensates regulate RNA alternative splicing by recruiting splicing factors such as serine and arginine rich splicing factor 1 and 3 (SRSF1 and SRSF3).
nuclear_body,cdcode,Ccer1 condensate,"The CCER1 condensate is a nuclear phase-separated structure important for the histone-to-protamine transition during spermatogenesis, driven by CCER1 protein."
nuclear_body,cdcode,Leucocyte nuclear body,"Nuclear bodies are membraneless, RNA-rich organelles in the cell nucleus that concentrate certain nuclear proteins and RNA-protein complexes."
nuclear_body,cdcode,NAB3 nuclear body,"Nuclear bodies are membraneless, RNA-rich organelles in the cell nucleus that concentrate certain nuclear proteins and RNA-protein complexes."
nuclear_body,cdcode,NP bodies,"NP bodies are phase separated Pumilio (PUM)  condensates that are formed from inhibiting PUM proteins  by lncRNA NORAD, which prevents aberrant  ultimately mitosis."
nuclear_body,cdcode,Nuclear body,"Nuclear bodies are membraneless, RNA-rich organelles in the cell nucleus that concentrate certain nuclear proteins and RNA-protein complexes."
nuclear_body,cdcode,nYAC,"nYACS are nuclear condensates which form from the phase separation of YTHDC1 and m6A. The number of nYACs increases in acute myeloid leukemia (AML) cells and  maintain their survival and  preserve them in an undifferentiated state. At the same time, YTHDC1 protects m64 from RNA degradation."
nuclear_body,cdcode,RBM15 condensate,"RBM15 form large condensates within the nucleus. Notably, these condensates exhibit a tendency to co-locatize partially with m6A-modified transcripts, displaying a particular affinity for STYK1 transcripts. The correlation between RBM15 condensates and the advancement of tumors is established through their association with the MAPK pathway in mouse cell lines"
nuclear_body,cdcode,SPRI2 Nuclear Condensate,The SPRI2 Nuclear Condensate is formed by SHI family transcription factors in the nuclei of Arabidopsis thaliana cells. SHI family transcription factors are essential for interspecific pollen rejection by regulating the expression of target genes such as TBL40 and TBL45.
nuclear_body,cdcode,TRIM45 bodies,Cytoplasmic Puncta
nuclear_body,cdcode,VRN1 nuclear body,"Vernalization 1 (VRN1) encodes an essential transcriptional repressor for plant vernalization that non-specifically binds DNA and has two B3 DNA-binding domains joined by an intrinsically disordered region. It has been demonstrated that VRN1 generates puncta in plant cell nuclei, pointing to the possibility that it regulates gene expression through LLPS to maintain the vernalized state."
nuclear_body,phasepdb,Nuclear body,membraneless organelles in nucleus
nuclear_body,phasepro,nuclear body,Extra-nucleolar nuclear domains usually visualized by confocal microscopy and fluorescent antibodies to specific proteins.
nuclear_dicing_body,cdcode,Nuclear dicing body,"Nuclear dicing bodies are nuclear bodies that play an  important role  in miRNAs  control  of gene expression. In plant cells, miRNA processing is a two-step process that takes place inside the nucleus by the enzyme Dicer-like1 (DCL1) and other proteins such as Serrate (SE), a zinc-finger domain protein, and Hyponastic Leaves1, a double-stranded RNA (dsRNA) binding-domain protein (HYL1). It is recently found that dicing bodies are phase separated condensates and their assembly is driven by the phase separation of SE."
nuclear_dicing_body,phasepdb,Nuclear dicing body,"MicroRNA (miRNA) production entails the step-wise processing of primary miRNAs (pri-miRNAs) into precursor miRNAs (pre-miRNAs) and miRNA/* duplexes by Dicing complexes containing DCL1, HYL1 and SE, which are localized in nuclear dicing bodies (D-bodies), D-bodies are phase-separated condensates."
nuclear_pore_complex,cdcode,Nuclear pore complex,"Nucleocytoplasmic exchange is mediated by nuclear pore complexes (NPCs). They're massive protein complexes that join the inner and outer nuclear membranes to create channels that span the nuclear envelope. Nucleoporins, which are made up of about 30 different protein components, assemble in many copies to form a complicated cylindrical architecture to the nuclear pores."
nuclear_pore_complex,drllps,Nuclear pore complex,"The nuclear pore is proposed to be a LLPS stress granules initially condense to form stable cores, possibly with a nascent shell layer, and these cores merge into larger structures through interactions between the shell structures. A stable core assemblies could provide a structural platform for the formation of stress granules, due to the high concentration of IDRs on stress granule components to then rapidly phase-separate a dynamic shell that grows as a result of fusion with other small granules and surface exchange with an increasing pool of untranslating mRNPs. This general principle is also seen in the formation of the nuclear pore, wherein the creation of a high local concentration of FG repeat proteins by the structure of the nuclear pore, allows for a phase transition within the nuclear pore itself, even if the interactions between the FG repeats are relatively weak and non-specific."
nuclear_pore_complex,phasepdb,Nuclear pore complex,"Nuclear pore complex (NPC) is primarily a site in the nuclear envelope, which regulates entry and exit of cellular material including proteins and RNA. It comprises at least 30 proteins called nucleoporins . Previously, electron micrographs of the nuclear periphery have revealed that euchromatin tends to localize near NPCs, while heterochromatin lies close to the nuclear periphery and lamina. Not surprisingly, various studies have shown an association between active genes and NPCs. The role of NPCs in genome organization and transcription is well established in yeast; however, its role in higher eukaryotes is just starting to evolve."
nuclear_pore_complex,phasepro,nuclear pore central transport channel,"The central substructure of the nuclear pore complex (NPC), through which nucleocytoplasmic transport of RNAs, proteins and small molecules occurs. The central transport channel is filled with FG-nucleoporins, which form a selective barrier and provide a series of binding sites for transporter proteins. Characterized S. cerevisiae FG-nucleoporins include Nup159p, Nup145Np, Nup116p, Nup100p, Nsp1p, Nup57p, Nup49p, Nup42p, Nup53p, Nup59p/Asm4p, Nup60p and Nup1. Characterized vertebrate FG-nucleoporins include Nup214, Nup98, Nup62, Nup54, Nup58/45, NLP1, and Nup153."
nuclear_pore_complex,phasepro,selective hydrogel-like meshwork formed by FG-nucleoporins in nuclear pore central channel,
nuclear_protein_granule,phasepro,nuclear protein granule,
nuclear_speckle,cdcode,ALYREF condensates,"ALYREF condensates are formed by the ALYREF protein through phase separation. These condensates are important for maintaining genomic integrity, and their disruption is implicated in the side effects of certain drugs and in diseases like cancer."
nuclear_speckle,cdcode,Nuclear poly(A) domains,Nuclear poly(A) domains (NPAD) are condensates containing newly transcribed mRNA. These hubs of transcripts are found in the developing Oocytes and are linked to female infertility and premature ovarian failure
nuclear_speckle,cdcode,Nuclear speckle,Nuclear speckles are nuclear condensates also known as interchromatin granule clusters. These condensates are enriched in pre-mRNA splicing factors located in the interchromatin region of the nucleoplasm.
nuclear_speckle,cdcode,Omega speckle,"Omega speckles are membraneless nuclear bodies in Drosophila melanogaster, formed by the long noncoding RNA Hsrω (heat shock RNA omega). Hsrω functions as an architectural RNA (arcRNA), initiating and stabilizing omega speckles that are essential for regulating processes like stem cell differentiation."
nuclear_speckle,drllps,Nuclear speckle,"Nuclear speckles or splicing speckles, also known as interchromatin granule clusters, are membrane-less nuclear organelles enriched in pre-mRNA splicing and transcription factors and play important roles in RNA metabolism, such as transcription, pre-mRNA splicing, 3â²-end mRNA processing, and execution of mRNA nuclear export (1; 2). They are dynamic subnuclear structures, and their size, shape, and number can vary accompanied with RNA regulation, nuclear speckles disperse in high activity of mRNA processing when transcription or pre-mRNA splicing is inhibited, GSK-3β can regulate assembly of nuclear speckles. Because many naturally intronless mRNAs, including eight exogenously expressed and four endogenous ones, are proved to be associate with NSs, So Nuclear speckles (NSs) are thought to serve as splicing factor storage sites."
nuclear_speckle,phasepdb,Nuclear speckle,"The nucleoplasm is not homogenous; it consists of many types of nuclear bodies, also known as nuclear domains or nuclear subcompartments. These self-organizing structures gather machinery involved in various nuclear activities. Nuclear speckles (NSs) or splicing speckles, also called interchromatin granule clusters, were discovered as sites for splicing factor storage and modification. Further studies on transcription and mRNA maturation and export revealed a more general role for splicing speckles in RNA metabolism. NSs contribute to numerous human diseases, including cancers and viral infections. In addition, recent data have demonstrated close relationships between these structures and the development of neurological disorders."
nuclear_speckle,phasepro,nuclear speck,"A discrete extra-nucleolar subnuclear domain, 20-50 in number, in which splicing factors are seen to be localized by immunofluorescence microscopy."
nuclear_speckle,phasepro,nuclear speckle,
nuclear_stress_body,cdcode,A-bodies,Amyloid bodies (A-bodies) are inducible membrane-less nuclear compartments composed of heterogeneous proteins that adopt an amyloid-like state.
nuclear_stress_body,cdcode,Nuclear stress body,Stress bodies  which form in the nucleus in response to heat shock.
nuclear_stress_body,drllps,Nuclear stress body,"Nuclear stress bodies/granule (nSBs), also called perichromatin granules (PGs), are a kind of cytoplasmic PMLOs, which are different in size, shape, and composition, and almost invariantly contain intrinsically disordered proteins. They are formed as a result of highly regulated and reversible liquid-liquid demixing phase separation and represent condensed liquid droplets, which are invariantly enriched in intrinsically disordered proteins. Perichromatin granules are located in nucleus with pre-mRNA, SatIII DNA, SatIII ncRNAs, chromatin components and itâs proved to be related to the response to heat shock and other forms of stress. The assembly of these bodies requires the synthesis of non-coding RNAs with a probable role in the post-transcriptional regulation of gene expression and in higher-order chromatin organization."
nuclear_stress_body,phasepdb,Nuclear stress body,"Nuclear stress bodies (nSBs) are unique subnuclear organelles which form in response to heat shock. They are initiated through a direct interaction between heat shock transcription factor 1 (HSF1) and pericentric tandem repeats of satellite III sequences and correspond to active transcription sites for noncoding satellite III transcripts. Given their unusual features, nSBs are distinct from other known transcription sites. In stressed cells, they are thought to participate in rapid, transient, and global reprogramming of gene expression through different types of mechanisms including chromatin remodeling and trapping of transcription and splicing factors[1]. Human satellite III noncoding RNA (SatIII RNA) is expressed in heat-shocked cells under cellular stress, as well as few cancer cells evident the expression of SatIII as nSBs[2]."
nucleolus,cdcode,Dense fibrillar component,Dense fibrillar component (DFC) is a substructure of nucleolus. Small nucleolar ribonucleoproteins (snoRNPs) splice and modify pre-ribosomal RNA transcripts in the DFC.
nucleolus,cdcode,Granular component,Granular component (GC) is one of the three substructures of the nucleolus. GC is the site where final maturation of the pre-ribosomal ribonucleoprotein and assembly with ribosomal proteins occur.
nucleolus,cdcode,Nucleolus,"Nucleolus is the largest and the first membrane-less organelle which was identified. It is composed of a fibrillar centre (FC), dense fibrillar component (DFC) and granular component (GC).  The nucleolus is a dynamic structure that disassembles during mitosis and reassembles after cell division. The nucleolus is responsible for ribosome biogenesis in eucaryotic cells, which are essential macromolecular machines responsible for synthesizing all proteins required by the cell. The nucleoli are now known to act as sensors and regulators of cellular responses, such as apoptosis, DNA damage response, epigenetic modification, genome stability, proliferation, senescence and signal transduction."
nucleolus,cdcode,rDNA locus,"Ribosome biosynthesis occurs in the nucleolus. In budding yeast, rDNA and Cdc14 form  nucleolar condensates which are formed by polymer-polymer phase separation. This process depends on the concentration of DNA cross-linkers."
nucleolus,drllps,Nucleolus,"The nucleolus is the most obvious spherical structure in the intercellular nucleus of eukaryotic cells. Phase separation occurs during the nucleolus formation. In the process of nucleolus formation, fibrillarin (FIB1) and nucleophosmin (NPM1) are putatively driver proteins for the subcompartmentalized organization of the nucleolus. Arginine-containing DPRs can impair nucleolar dynamics and function in live cells. Besides, the first 21 amino acids of the N-terminus were essential for nucleolar localization, while portion of NRG1-h3 has been proved to prevent nucleolar accumulation in all cells."
nucleolus,phasepdb,Nucleolus,"The nucleolus is a prominent membraneless organelle residing within the nucleus. The nucleolus has been regarded as a housekeeping structure mainly known for its role in ribosomal RNA (rRNA) production and ribosome assembly. However, accumulating evidence has revealed its functions in numerous cellular processes that control organismal physiology, thereby taking the nucleolus much beyond its conventional role in ribosome biogenesis. Perturbations in nucleolar functions have been associated with severe diseases such as cancer and progeria. mass-spectrometry-based analyses have revealed numerous proteins residing in different compartments of the nucleolus involved in functions other than ribosome biogenesis, suggesting a multidimensional role of the nucleolus."
nucleolus,phasepro,dense fibrillar component,"A structure found in the nucleolus, which contains newly synthesized preribosomal RNA (pre-rRNA) and a collection of proteins."
nucleolus,phasepro,granular component,"A structure found in the nucleolus, which contains nearly completed preribosomal particles destined for the cytoplasm."
nucleolus,phasepro,nucleolus,"A small, dense body one or more of which are present in the nucleus of eukaryotic cells. It is rich in RNA and protein, is not bounded by a limiting membrane, and is not seen during mitosis. Its prime function is the transcription of the nucleolar DNA into 45S ribosomal-precursor RNA, the processing of this RNA into 5.8S, 18S, and 28S components of ribosomal RNA, and the association of these components with 5S RNA and proteins synthesized outside the nucleolus. This association results in the formation of ribonucleoprotein precursors; these pass into the cytoplasm and mature into the 40S and 60S subunits of the ribosome."
obsolete_cytoskeletal_part,phasepro,obsolete cytoskeletal part,"OBSOLETE. Any constituent part of the cytoskeleton, a cellular scaffolding or skeleton that maintains cell shape, enables some cell motion (using structures such as flagella and cilia), and plays important roles in both intra-cellular transport (e.g. the movement of vesicles and organelles) and cellular division. Includes constituent parts of intermediate filaments, microfilaments, microtubules, and the microtrabecular lattice."
opt_domain,drllps,OPT domain,"In some cells, PTF is concentrated in one, or very few, discrete regions (diameter approximately 1.3 micron) that appear during G1 phase and disappear in S phase. Oct1, a transcription factor that interacts with PTF, is also enriched in these domains, RNA polymerase II, TBP and Sp1 are also present. Each domain typically contains 2 or 3 transcription 'factories' where Br-UTP is incorporated into nascent transcripts. This region was named Oct1/PTF/transcription (OPT) domain. The domains may act like nucleoli to bring particular genes on specific chromosomes together to a region where the appropriate transcription and processing factors are concentrated, thereby facilitating the expression of those genes. In fact, incomplete DNA synthesis during S phase leads to a DNA damage response and formation of 53BP1-OPT domains in the subsequent G1, which indicates that replication stress induces 53BP1-containing OPT domains in G1 cells."
oskar_granule,phasepdb,Oskar granule,"In Drosophila, oskar mRNA encodes the posterior determinant, Oskar protein. Posterior accumulation of Oskar is achieved by active transport of oskar mRNA as diffraction-limited granules on a polarized microtubule network during mid-oogenesis, in a two-step transport process involving dynein and kinesin motors. Importantly, oskar mRNA is translationally repressed prior to localization, preventing ectopic production of Oskar protein. The translated Oskar protein nucleates pole plasm assembly, which induces abdominal patterning and germline formation in the embryo. oskar granules are RNA-protein condensates that behave as solids in vivo and in vitro."
p62_body,cdcode,ORF8/p62 condensate,The ORF8/p62 condensate is a SARS-CoV-2-induced biomolecular condensate that hijacks ER-phagy receptors to  promote viral replication
p62_body,cdcode,P62 body,"Inclusion bodies are insoluble aggregates of misfolded proteins inside the cell. A common pathogenic event in a range of neurodegenerative illnesses is aggregated proteins from the cytoplasm of nerve cells and glia. Misfolding in P62 is linked to sporadic inclusion body myositis (s-IBM) through defect in selective autophagy and Amyotrophic lateral sclerosis (ALS) which is a neurodegenerative disease that affects motor neurons in the brain, brainstem, and spinal cord."
p62_body,cdcode,P62 cluster,"Misfolding in P62 is linked to defect in selective autophagy and Amyotrophic lateral sclerosis (ALS) which is a neurodegenerative disease that affects motor neurons in the brain, brainstem, and spinal cord."
p62_body,phasepdb,p62 cluster,"p62 forms droplets in vivo which have liquid-like properties such as high sphericity, the ability to undergo fusion, and recovery after photobleaching. p62 phase separation is dependent on p62 polymerization, the interaction between p62 and ubiquitin, and the valence of the polyubiquitin chain. p62 and ubiquitinated proteins spontaneously coalesce into larger clusters. Efficient cluster formation requires substrates modified with at least two ubiquitin chains longer than three moieties and is based on p62 filaments cross-linked by the substrates."
p62_body,phasepro,p62 body,
p_body,cdcode,CCR4-NOT1 complex,CCR4-NOT1 complex plays an important role in mRNA deanylation.
p_body,cdcode,GW-body,"The mammalian analog of P-bodies is known as GW bodies. These are cytoplasmic foci involved in the breakdown of mRNA. RNA interference has been connected to GWBs in recent research, with disruption or disassembly of GWBs being shown to affect siRNA and miRNA silencing activity."
p_body,cdcode,P-body,"P-bodies are cytosolic biomolecular condensates that arise in response to environmental stress when translationally-arrested mRNAs and proteins phase separate at specific regions in the cytoplasm. In this way, P-bodies are important for translation regulation and proteome buffering."
p_body,cdcode,p62-dependent P-bodies (pd-PBs),"p62-dependent P-bodies (pd-PBs) are a stress-induced subtype of P-bodies that form under proteotoxic or inflammatory stress. Characterized by the recruitment of the autophagy receptor p62/SQSTM1 (acting as a scaffold), pd-PBs are enriched in proteins involved in RNA metabolism (e.g., DDX6, LSM14A, EDC4, eIF4E) and are associated with mRNA"
p_body,cdcode,PB-like Assembly,"PB-like assemblies are smaller, distinct subassemblies of P-body components that form when canonical PBs are disrupted. Unlike canonical PBs, they are smaller and show increased interactions with SGs, often clustering around their surface."
p_body,drllps,P-body,"P- (mRNA-processing) bodies are cytoplasmic granules that form in eukaryotic cells in response to numerous stresses to serve as sites of degradation and storage of mRNAs, which form through multiple protein-protein interactions analogous to a liquid-liquid phase separation. Functional P-bodies are critical for the DNA replication stress response in yeast, it consists of nontranslating mRNAs and the general translation repression and mRNA degradation machinery and is associated with mRNA translation and degradation."
p_body,phasepdb,P-body,"P-bodies are cytosolic biomolecular condensates that dynamically form by the phase separation of RNAs and proteins. They participate in translational control and buffer the proteome. Upon stress, translationally stalled mRNAs devoid of translation initiation factors shuttle to P-bodies (PBs). The PB proteomes are biased toward intrinsically disordered regions and have a high propensity to contain primary sequence features favoring phase separation. While direct evidence for the role of PBs in disease is still mostly lacking, recent studies point to an important regulatory role of PBs in controlling key processes in chromatin regulation, RNA processing, protein synthesis, and protein degradation."
p_body,phasepro,GW-body,
p_body,phasepro,P-body,"A focus in the cytoplasm where mRNAs may become inactivated by decapping or some other mechanism. Protein and RNA localized to these foci are involved in mRNA degradation, nonsense-mediated mRNA decay (NMD), translational repression, and RNA-mediated gene silencing."
p_granule,cdcode,Germ granule,"In many animals, maternal cytoplasmic factors called germ plasm regulate gamete production during embryogenesis. Germ plasm is a cytoplasmic determinant  composed mainly of RNAs and proteins and is inherited from the mother to the offspring inside the egg."
p_granule,cdcode,Mimi granules,mimi granules contain mRNAs and proteins involved in synaptic processes. Loss of these granules is associated with impaired nervous system maturity and neuropeptide-mediated signaling resulting in neurodegeneration phenotype
p_granule,cdcode,P-granule,"P-granules are germ granules in C. elegans. P-granules are composed of a heterogenous mixture of RNAs and proteins. P-granule components are linked to RNA metabolism, implying their role in posttranscriptional control."
p_granule,cdcode,PGL granules,"PGL granules are ribonucleoprotein condensates accumulating under heat stress (26°C) found in Caenorhabditis elegans. PGL granules are distinct from stress granules and P bodies in composition and dynamics. The granules serve as sites for mRNA storage and regulation, facilitating stress resistance and  evading autophagic degradation."
p_granule,cdcode,Trbd,Trbd phase separation in vitro depends on LR (linker region)
p_granule,drllps,P granule,"P granules are the Caenorhabditis elegans âgerm granulesâ, a class of perinuclear RNA granules specific to the germline. The defining components of P granules are two classes of RNA-binding proteins: the RGG-domain proteins, PGL-1 and PGL-3; and the DEAD-box proteins, GLH-1â4. P granules get their name from the P lineage, the embryonic lineage that gives rise to the germline. Because P granules sit on nuclear pores, most mRNAs transcribed in germ cells likely pass through a P granule on their way to the cytoplasm."
p_granule,phasepdb,P granule,P granules are RNA/protein condensates in the germline of Caenorhabditis elegans. Genetic analyses have begun to identify the proteins that regulate P granule assembly in the cytoplasm of zygotes. P granules are present in the germline throughout the life cycle of the worm. PGL-1 and PGL-3 form a core condensate that recruits other P granule components.
p_granule,phasepro,P granule,"A small cytoplasmic, non-membranous RNA/protein complex aggregate in the primordial germ cells of many higher eukaryotes."
parabs_condensate,cdcode,ParABS DNA,"ParABS DNA condensate is formed by the key component of the ParABS system, the ParB (spo0J) protein, which assembles dynamically on the DNA"
parabs_condensate,phasepdb,ParABS,"The ParABS system is supposed to be responsible for plasmid partitioning and chromosome segregation in bacteria. ParABS ensures a high degree of fidelity in inheritance by dividing the genetic material equally between daughter cells during cell division. However, the molecular mechanisms underlying the assembly of the partition complex, representing the core of the ParABS system, are still far from being understood. Here we demonstrate that the partition complex is formed via liquid-liquid phase separation. Assembly of the partition complex is initiated by the formation of oligomeric ParB species, which in turn are regulated by CTP-binding. Phase diagrams and in vivo analysis show how the partition complex can further be spatially regulated by parS."
paraspeckle,cdcode,NONO,"NONO partitions into condensates in mouse fibroblasts and lack colocalisation with Neat1 mRNA, suggesting a non-Neat1 paraspeckle type condensate"
paraspeckle,cdcode,Paraspeckle,"Paraspeckles are nuclear condensates which are formed around the long non-coding RNA NEAT1. According to emerging data, paraspeckle formation is triggered by phase separation of associated RNA-binding proteins with intrinsically disordered regions, which results in an orderly arrangement of paraspeckle components along NEAT1."
paraspeckle,drllps,Paraspeckle,"Paraspeckles are mammalian-specific nuclear bodies that often lie adjacent to splicing speckles, containing several multifunctional proteins, including PSF (PTB-associated splicing factor), p54nrb, PSP1andRBM14/CoAA/PSP2 (here- after referred to CoAA), the long noncoding RNA NEAT1 assembles these protein components and is critical for paraspeckle formation. DIS3 was proved to be involved in controlling the formation of paraspeckles, nuclear bodies that are organized around NEAT1 lncRNA, whose short form was overexpressed in cells with mutated DIS3. Paraspeckles regulate gene expression through a number of mechanisms, including sequestration of specific transcription factors and/or hyperedited mRNAs. Besides, RNA editing by the enzyme ADAR (Adenosine deaminase acting on RNA) was proved to occur in paraspeckles."
paraspeckle,phasepdb,Paraspeckle,"Paraspeckle is a nuclear body in which one of the essential paraspeckle proteins co-localizes with the longer isoform of NEAT1. Paraspeckles are mammal-specific RNA-protein nuclear bodies that regulate gene expression. First described in 2002 as nuclear foci enriched in the marker protein paraspeckle component protein 1 (PSPC1), paraspeckles are now known to contain over 40 different proteins (generally ubiquitously expressed RNA-binding proteins) and one architectural lncRNA, nuclear paraspeckle assembly transcript 1 (NEAT1). Some component proteins mediate critical RNA-protein or protein-protein interactions essential for paraspeckle formation. In addition to these structural components there are several different molecules targeted to paraspeckles, such as various types of RNAs, as well as proteins that are not required to build paraspeckles, but nevertheless may be regulated by them."
paraspeckle,phasepro,paraspeckle,
paraspeckle,phasepro,paraspeckles,"Discrete subnuclear bodies in the interchromatin nucleoplasmic space, often located adjacent to nuclear specks. 10-20 paraspeckles are typically found in human cell nuclei."
pcg_protein_complex,phasepro,PcG protein complex,"A chromatin-associated multiprotein complex containing Polycomb Group proteins. In Drosophila, Polycomb group proteins are involved in the long-term maintenance of gene repression, and PcG protein complexes associate with Polycomb group response elements (PREs) in target genes to regulate higher-order chromatin structure."
perinucleolar_compartment,cdcode,Peri-nucleolar condensate,"Peri-Nucleolar Condensates form at the nucleolar periphery during heat shock. Upon heat-shock the ribosomal biogenesis is halted and this can lead to accumulation of aggregation prone orphan ribosomal proteins (oRPs). Peri-nucleolar condensates mainly consist of oRPs and the Hsp70 co-chaperone Sis1/DnaJB6. The condensates are suggested to preserve oRPs in a liquid-like state, preventing their degradation and enabling their incorporation into functional ribosomes upon recovery from heat shock."
perinucleolar_compartment,drllps,Perinucleolar compartment,"The perinucleolar compartment (PNC) is a dynamic, irregularly shaped, and electron-dense nuclear structure that is physically associated with the nucleolus. It is found predominantly in transformed cells and various cancer tissues, and rarely in normal cells. The components of the PNC described to date include several small RNAs transcribed by RNA polymerase (pol) III, and several RNA binding proteins of which some are primarily implicated in pre-messenger RNA (mRNA) processing. As a kind of PMLOs, The PNC is a dynamic functional organelle involved in the metabolism and trafficking of a subset of newly synthesized pol III RNAs in transformed cells."
pi_body,phasepro,pi-body,"A P granule that contains the PIWIL2-TDRD1 module, a set of proteins that act in the primary piRNA pathway. The pi-body corresponds to the cementing material between mitochondria found in gonocytes."
plant_photobody,cdcode,CRY2/SPA1/FIO1 condensate,Light-induced condensates that regulate mRNA methylation and translation of transcripts involved in chlorophyll homeostasis. The CRY2/SPA1/FIO1 complex maintains chlorophyll biosynthesis and photosynthetic efficiency amid fluctuating light conditions.
plant_photobody,cdcode,Plant Photobody,A tunable thermo-sensor in plants where in light induced conformational changes direct photo-body formation and condensate itself senses the temperature signals.
plant_signaling_condensate,cdcode,OsJAZ2 condensate,JAZ2 protein forms condensates in both Oryza sativa and Nicotiana benthamiana leaf cells in nucleus and cytosol
plant_signaling_condensate,cdcode,OsSRO1c-OsDREB2B condensate,OsSRO1c protein interacts with OsDREB2B (an AP2/ERF transcription factor and positive regulator of cold response) in rice to form niomolecular condensates. These nuclear bodies are shown to facilitate its transcriptional activity to respond to low temperature through dynamic phase transitions and confer cold tolerance via transcriptional regulation of key cold-tolerance genes.
plant_signaling_condensate,cdcode,PARCL condensate,The condensates formed by PARCL (plant RNA-binding protein). PARCL exhibits chaperone activity and colocalizes with RNA.
plant_signaling_condensate,cdcode,Plant growth regulator,Signal transduction body that regulates growth based on light and
plant_signaling_condensate,cdcode,RH20 condensate,"The RH20 condensate is  formed by the RNA helicase RH20, which interacts with AGO2. Given that RH20 enhances RNA silencing and antiviral immunity, it is hypothesized that the condensate may facilitate these processes."
pml_nuclear_body,cdcode,PML body,"PML bodies are nuclear condensates detected by the PML protein, as their name suggests. The PML protein polymerizes into spherical shells where it concentrates several unrelated partner proteins into the PML bodies. PML is found in nearly all normal human tissues and produces PML bodies, which play a role in gene regulation and cellular activities like DNA repair, cell cycle control, and cell fate decisions."
pml_nuclear_body,drllps,PML nuclear body,"PML nuclear bodies are matrix-associated domains that recruit an astonishing variety of seemingly unrelated proteins. Since their discovery in the early 1960s, PML bodies have fascinated cell biologists because of their beauty and their tight association with cellular disorders. The identification of PML, a gene involved in an oncogenic chromosomal translocation, as the key organizer of these domains drew instant interest onto them. The multiple levels of PML body regulation by a specific posttranslational modification, sumoylation, have raised several unsolved issues. Functionally, PML bodies may sequester, modify or degrade partner proteins, but in many ways, PML bodies still constitute an enigma."
pml_nuclear_body,phasepdb,PML nuclear body,"PML-NBs are discrete nuclear foci of 0.2-1.0 μm in diameter that are present in most mammalian cell nuclei. They typically number 1-30 bodies per nucleus, depending on the cell type, cell-cycle phase and differentiation stage.PML-NBs are dynamic structures that undergo significant changes in number, size and position during cell-cycle progression and in response to cellular stresses such as DNA damage and induction of senescence.Recent data suggest that PML-NBs are heterogeneous structures and that different PML-NBs may regulate specific cellular functions according to their protein composition, their position in the nucleus and their mobility."
pml_nuclear_body,phasepro,PML body,"A class of nuclear body; they react against SP100 auto-antibodies (PML, promyelocytic leukemia); cells typically contain 10-30 PML bodies per nucleus; alterations in the localization of PML bodies occurs after viral infection."
polarisome,cdcode,Polarisome,Polarisome is a multiprotein complex which nucleates actin cables to drive polarized cell growth in budding yeast and filamentous fungi.
polarisome,phasepdb,Polarisome,"In the budding yeast, the polarisome complex is an actin cable nucleation center that consists of the following core members: formin Bni1, nucleation-promoting factor (NPF) Bud6, Pea2, and scaffolding protein Spa2. Actin assembly acutely responds to environmental stimuli, which triggers various signal transduction mechanisms. Polarisome complex proteins are intrinsically disordered proteins (IDPs) that have a high ratio of disordered residues to integrate interior and exterior signals by changing protein conformations or protein–protein interactions. Polarisome proteins are located in a non-membranous zone that changes its size and protein density at the bud tip during polarized cell growth when cells switch from apical to isotropic growth."
polarity_condensate,cdcode,Fus1 condensate,formin Fus1 forms condensates in S.pombe fusion focus. These condensates are suggested to support proper fusion formation and fusion.
polarity_condensate,cdcode,Numb/Pon condensate,"Numb is a neuroblast cell fate determinant that, along with Pon, forms a basal crescent and is segregated into the basal daughter cell to start the differentiation process. The complex exhibits remarkable binding specificity and liquid-liquid phase separation as a result of the multivalent Numb-Pon interaction."
polarity_condensate,cdcode,Par complex,Par complex is an evolutionary conserved complex which is composed of Par3/Par6/aPKC. Par complex forms a phase separated  condensate under the plasma membrane and regulates polarity in numerous cell types.
polarity_condensate,cdcode,PodJ condensates,Caulobacter PodJ (a swarmer-cell-pole scaffold) condensates participate in regulation if asymmetric cell division (ACD)
polarity_condensate,cdcode,PopZ condensate,"PopZ condensate in Caulobacter  is a membraneless forms a microdomain at the cell poles. Condensates selectively recruite and concentrate signaling proteins, such as the CckA and ChpT."
polarity_condensate,phasepdb,Par complex,"Par complex exhibits cell cycle-dependent condensation in Drosophila neuroblasts, driven by liquid-liquid phase separation. The open conformation of Par3 undergoes autonomous phase separation likely due to its NTD-mediated oligomerization. Par6, via C-terminal tail binding to Par3 PDZ3, can be enriched to Par3 condensates and in return dramatically promote Par3 phase separation. aPKC can also be concentrated to the Par3N/Par6 condensates as a client. Perturbations of Par3/Par6 phase separation impair the establishment of apical-basal polarity during neuroblast asymmetric divisions and lead to defective lineage development."
polarity_condensate,phasepro,basal Numb-Pon crescent in dividing neuroblasts,
polycomb_body,cdcode,PcG body,Proteins from the Polycomb Group (PcG) are clustered in nuclear foci known as PcG bodies. PcG proteins regulate the expression of a wide range of genes by silencing them.
polycomb_body,drllps,PcG body,"PcG bodies, termed polycomb bodies, are subnuclear organelles containing polycomb group proteins. They are a kind of PMLOs located in nucleus, which possess liquid-like behavior and are believed to be formed as a result of biological liquid-liquid phase transitions, where an intricate interplay between RNA and intrinsically disordered proteins (IDPs) or hybrid proteins containing ordered domains and intrinsically disordered protein regions (IDPRs) may play an important role, they are formed as a result of highly regulated and reversible liquid-liquid demixing phase separation and represent condensed liquid droplets, which are invariantly enriched in intrinsically disordered proteins. They correspond to local accumulations of PcG proteins, which are important epigenetic regulators that control transcription of their target genes. Morover, Polycomb bodyâassociated PHC2 was found to interact with the Polycomb repressive complex, which is relevant to the function of polycomb bodies in transcription regulation."
polycomb_body,phasepdb,Polycomb body,"PRC1 is concentrated into nuclear condensates called Polycomb bodies. These bodies, as originally defined, are large and might serve to store PcG proteins in nonfunctional reservoirs or may represent functional hubs of maintained repression. The Polycomb-repressive complex 1 (PRC1) family complexes are central to maintaining this repression. The CBX-PRC1 complexes compartmentalize key developmental regulators for repression through phase-separated condensates driven by the chromobox 2 (CBX2) protein. These complexes have been shown previously to reside in membraneless organelles called Polycomb bodies, leading to speculation that canonical PRC1 might be found in a separate phase from the rest of the nucleus."
polycomb_body,phasepro,PcG chromatin condensates,
polyp_granule,cdcode,PolyP granule,PolyP granule form in Pseudomonas aeruginosa under nitrogen starvation.
postsynaptic_density,cdcode,ArgBP2 dendritic spine condensate,Post-synaptic condensate composed of neuronal isoform nArgBP2 in dendritic spines.
postsynaptic_density,cdcode,FATZ-1 condensate,The FATZ condensate is formed through phase separation by the sarcomeric protein FATZ-1 creating a fuzzy complex with a polar architecture
postsynaptic_density,cdcode,Postsynaptic density,"Postsynaptic density (PSD) is a condensed protein-rich sub-compartment beneath the postsynaptic plasma membranes of each synapse that constantly interchange their contents with bulk aqueous cytoplasm in synaptic spines.. The PSD is responsible for receiving, amplifying, and storing signals begun by presynaptic cells. PSDs are made up of tightly packed proteins that form assemblies that are a few hundred nanometers wide and 30–50 nanometers thick."
postsynaptic_density,cdcode,Rapsn condensate,"Rapsn condensates play a role in the formation of the neuromuscular junction (NMJ). These condensates are described to form when the protein Rapsn undergoes liquid-liquid phase separation (LLPS). Rapsn condensates recruit other necessary components, such as acetylcholine receptors, cytoskeletal proteins, and various signaling proteins, which are all essential for the differentiation of the postsynaptic side of the junction"
postsynaptic_density,drllps,Postsynaptic density,"Postsynaptic densities (PSDs) are membrane semienclosed, submicron protein-enriched cellular compartments beneath postsynaptic membranes, which constantly exchange their components with bulk aqueous cytoplasm in synaptic spines, it is an assembly responsible for receiving, interpreting, and storage of signals transmitted by presynaptic axonal termini. Both molecular components and motions of each component within PSDs are highly dynamic, formation and activity dependent modulation of PSDs is considered as one of the most basic molecular events governing synaptic plasticity in the nervous system."
postsynaptic_density,phasepdb,Postsynaptic density,"Underneath the postsynaptic plasma membranes of each synapse is a condensed protein-rich sub-compartment known as the postsynaptic density (PSD), a structure responsible for receiving, amplifying and storing signals initiated by presynaptic cells. PSDs are composed of densely packed proteins forming mega-assemblies a few hundred nanometers in width and ~30-50 nm thick. Formations of the condensed PSDs may involve phase-separation-mediated molecular assemblies."
postsynaptic_density,phasepro,postsynaptic density,"An electron dense network of proteins within and adjacent to the postsynaptic membrane of an asymmetric, neuron-neuron synapse. Its major components include neurotransmitter receptors and the proteins that spatially and functionally organize them such as anchoring and scaffolding molecules, signaling enzymes and cytoskeletal components."
pre_autophagosomal_structure,cdcode,ATG condensate,"In yeast, autophagy plays a central role in degrading condensates which form by phase separation using autophagosomes-double-membrane structures that are synthesized de novo at the pre-autophagosomal structure (PAS) in yeast. It is recently shown that PAS is a liquid-like condensate which is is formed by the phase separation of ATG proteins."
pre_autophagosomal_structure,cdcode,ATG4B condensate,"The ATG4B condensate is a dynamic biomolecular condensate forming as a result of liquid-liquid phase separation (LLPS) of the ATG4B protein. Condensation is promoted by the interaction with circSPECC1, a circular RNA, which enhances ATG4B's ability to form condensates. ATG4B plays a role in autophagy and anoikis."
pre_autophagosomal_structure,phasepdb,Pre-autophagosomal structure,"Autophagy is able to degrade such condensates using autophagosomes-double-membrane structures that are synthesized de novo at the pre-autophagosomal structure (PAS) in yeast. PAS is in fact a liquid-like condensate of Atg proteins. The autophagy-initiating Atg1 complex undergoes phase separation to form liquid droplets in vitro, and point mutations or phosphorylation that inhibit phase separation impair PAS formation in vivo. In vitro experiments show that Atg1-complex droplets can be tethered to membranes via specific protein-protein interactions, explaining the vacuolar membrane localization of the PAS in vivo."
presynaptic_active_zone,cdcode,Presynaptic clusters,Presynaptic clusters are clusters of synaptic vesicles at presynaptic sites.  Synapsin is the abundant protein associated with synaptic vesicles condensates.
presynaptic_active_zone,cdcode,Presynaptic clusters and postsynaptic densities,"Presynaptic clusters are clusters of synaptic vesicles at presynaptic sites.  Synapsin is the abundant protein associated with synaptic vesicles condensates. Postsynaptic density (PSD) is a condensed protein-rich sub-compartment beneath the postsynaptic plasma membranes of each synapse that constantly interchange their contents with bulk aqueous cytoplasm in synaptic spines.. The PSD is responsible for receiving, amplifying, and storing signals begun by presynaptic cells. PSDs are made up of tightly packed proteins that form assemblies that are a few hundred nanometers wide and 30–50 nanometers thick."
presynaptic_active_zone,phasepdb,Presynaptic active zone condensate,"Every presynapse builds a core 'active zone' structure, where ion channels cluster and synaptic vesicles release their neurotransmitters. The core active-zone scaffold proteins SYD-2 (also known as liprin-α) and ELKS-1 undergo phase separation during an early stage of synapse development, and later mature into a solid structure. A developmental liquid phase of scaffold molecules is essential for the assembly of the synaptic active zone, before maturation into a stable final structure. Small unilamellar vesicle (SUV)-coated RIM/RIM-BP condensates are encapsulated by synapsin/SUV condensates, forming two distinct SUV pools reminiscent of the reserve and tethered SV pools that exist in presynaptic boutons. The SUV-coated RIM/RIM-BP condensates can further cluster Ca2+ channels anchored on membranes. RIMs and RIM-BPs are plausible organizers of active zones, and the formation of RIM and RIM-BP condensates may cluster VGCCs into nano- or microdomains and position the clustered Ca2+ channels with Ca2+ sensors on docked vesicles for efficient and precise synaptic transmissions."
presynaptic_active_zone,phasepro,presynaptic cytosol,The region of the cytosol consisting of all cytosol that is part of the presynapse.
proteasome_foci,cdcode,Proteasome condensate,"Proteasome condensates are cellular structures in yeast that form through interactions between specific proteins, such as Rad23 and Dsk2, and ubiquitin chains. These condensates play a crucial role in protein degradation, particularly under stress conditions, and are studied using genetic mutations and protein interaction experiments to understand their formation and function."
proteasome_foci,cdcode,senescence-associated nuclear proteasome foci,"Senescence-Associated Nuclear Proteasome foci (SANPs) are distinct nuclear structures in senescent cells containing active 26S proteasome and ubiquitin chains. They do not colocalize with other nuclear bodies, and are involved in protein degradation and mitochondrial regulation. They are nuclear foci"
proteasome_foci,phasepdb,Proteasome containing foci,"Proteasome-containing nuclear foci form under acute hyperosmotic stress. These foci are transient structures that contain ubiquitylated proteins, p97 and multiple proteasome-interacting proteins, which collectively constitute a proteolytic centre. The major substrates for degradation by these foci were ribosomal proteins that failed to properly assemble. The proteasome foci exhibited properties of liquid droplets. RAD23B, a substrate-shuttling factor for the proteasome, and ubiquitylated proteins were necessary for formation of proteasome foci. Ubiquitin-chain-dependent phase separation induces the formation of a nuclear proteolytic compartment that promotes proteasomal degradation."
protein-containing_complex,phasepro,protein-containing complex,"A stable assembly of two or more macromolecules, i.e. proteins, nucleic acids, carbohydrates or lipids, in which at least one component is a protein and the constituent parts function together."
protein_complex_involved_in_cell-cell_adhesion,phasepro,protein complex involved in cell-cell adhesion,Any protein complex that is capable of carrying out some part of the process of cell-cell adhesion.
purinosome,cdcode,Purinosome,The purisome is a dynamic metabolic condensate that organizes and coordinates enzymes for de novo purine biosynthesis.
purinosome,phasepdb,Purinosome,"Enzymes within the de novo purine biosynthetic pathway spatially organize into dynamic intracellular assemblies called purinosomes. The formation of purinosomes has been correlated with growth conditions resulting in high purine demand, and therefore, the cellular advantage of complexation has been hypothesized to enhance metabolite flux through the pathway. However, the properties of this cellular structure are unclear. Here, we define the purinosome in a transient expression system as a biomolecular condensate using fluorescence microscopy. We show that purinosomes, as denoted by formylglycinamidine ribonucleotide synthase granules in purine-depleted HeLa cells, are spherical and appear to coalesce when two come into contact, all liquid-like characteristics that are consistent with previously reported condensates. We further explored the biophysical and biochemical means that drive the liquid-liquid phase separation of these structures. We found that the process of enzyme condensation into purinosomes is likely driven by the oligomeric state of the pathway enzymes and not a result of intrinsic disorder, the presence of low-complexity domains, the assistance of RNA scaffolds, or changes in intracellular pH."
pyrenoid,cdcode,Pyrenoid,Pyrenoid is a liquid non-membranous structure in the chloroplast stroma of microalgae. Pyrenoids contain sequestrated Rubisco which is the CO2-fixing enzyme of photosynthesis. Concentration of Rubisco in pyrenoids is believed to increase photosynthesis efficiency.
pyrenoid,drllps,Pyrenoid matrix,"Pyrenoids are non-membrane-bound, proteinaceous structures that contain a matrix packed with the CO2-fixing enzyme Rubisco. In many species, the matrix is traversed by membrane tubules that are continuous with the photosynthetic thylakoid membranes. Pyrenoids are a central feature of the algal CO2 concentrating mechanism, which supplies Rubisco with a high concentration of its substrate CO2, enabling more efficient carbon capture than that of most land plants. Pyrenoids are found within the chloroplasts of a diverse array of photosynthetic eukaryotes, including nearly all freshwater and marine algae, as well as a group of non-vascular plants."
pyrenoid,phasepro,pyrenoid,A non-membrane-bounded organelle found within the chloroplasts of algae and hornworts; responsible for carbon dioxide fixation.
refractile_body,cdcode,Refractile body,"Refractile body condensates undergo dynamic phase separation during the Eimeria tenella's (protozoan parasite infecting chickens) life cycle. They are hypothesized to play roles in nutrient storage, energy metabolism, and immune evasion."
replication_compartment,cdcode,ORC1 bodies,The ORC1 condensate is formed by the host protein ORC1 as a regulatory hub contributing to HIV-1 latency by recruiting repressive epigenetic modifier.
replication_compartment,cdcode,Pre-replication compartment (PRC),Pre-replication compartments (PRCs) are formed during human cytomegalovirus (HCMV) infection. These condensates are serving as hubs for viral genome replication and transcription. They exhibit liquid-like properties and are essential for efficient viral replication.
replication_compartment,cdcode,viral replication compartment (VRC),viral replication compartments (VRCs) formed by DNA viruses are described as membraneless assemblies or structures within the nucleus of infected cells
replication_compartment,cdcode,Virus-induced replication (VIR) condensate,The VIR-condensate is a condensate formed within viral replication organelles (VROs) during the replication of positive-strand RNA viruses. It is driven by phase separation of viral replication proteins and incorporates co-opted host proteins to create a dynamic microenvironment that facilitates efficient viral synthesis.
replication_compartment,phasepdb,Replication compartment,"A common viral replication strategy is characterized by the assembly of intracellular compartments that concentrate factors needed for viral replication and simultaneously conceal the viral genome from host-defense mechanisms. Recently, various membrane-less virus-induced compartments and cellular organelles have been shown to represent biomolecular condensates (BMCs) that assemble through liquid-liquid phase separation (LLPS). In the present work, we analyze biophysical properties of intranuclear replication compartments (RCs) induced during human adenovirus (HAdV) infection. The viral ssDNA-binding protein (DBP) is a major component of RCs that contains intrinsically disordered and low complexity proline-rich regions, features shared with proteins that drive phase transitions. Using fluorescence recovery after photobleaching (FRAP) and time-lapse studies in living HAdV-infected cells, we show that DBP-positive RCs display properties of liquid BMCs, which can fuse and divide, and eventually form an intranuclear mesh with less fluid-like features."
rho_body,cdcode,Rho body,The transcription terminator Rho phase separates in the bacterium Bacteroides thetaiotaomicron under nutrient starvation. Rho condensation required for transcription termination of some genes (PMID: 36927025).
ribonucleoprotein_complex,phasepro,ribonucleoprotein complex,A macromolecular complex that contains both RNA and protein molecules.
robustly_e2-activated_enhancers_(megatrans)_enhancers,phasepro,robustly E2-activated enhancers (MegaTrans,
rosenthal_fiber,phasepdb,Rosenthal fiber,"Alexander disease (AxD) is a fatal neurodegenerative disorder caused by dominant gain-of-function mutations in the gene encoding glial fibrillary acidic protein (GFAP), an intermediate filament protein expressed almost exclusively in astrocytes.The defining pathological feature of AxD is the abundant presence in astrocytes of GFAP-containing protein aggregates, called Rosenthal fibers (RFs), especially in the subpial, perivascular, and subventricular regions of the central nervous system."
sam68_nuclear_bodies_(snbs),phasepro,Sam68 nuclear bodies (SNBs,
sam68_nuclear_body,cdcode,Sam68 nuclear body,"Nuclear bodies are membraneless, RNA-rich organelles in the cell nucleus that concentrate certain nuclear proteins and RNA-protein complexes."
sam68_nuclear_body,drllps,Sam68 nuclear body,"Eukaryotic cells are inhomogeneously crowded with biological macromolecules (proteins and nucleic acids) and often contain numerous cellular bodies, including proteinaceous membrane-less organelles (PMLOs), They are formed as a result of highly regulated and reversible liquid-liquid demixing phase separation and represent condensed liquid droplets, which are invariantly enriched in intrinsically disordered proteins. Sam68 nuclear bodies (SNBs) is a kind of these bodies located in Nucleus, Its component of Nucleic acids or RNPs are Chloroplast-specific mRNAs Long non-coding RNA, and it is related to mRNAs trafficking through the nucleus."
sam68_nuclear_body,phasepdb,Sam68 nuclear body,"Sam68 (Src-associated in mitosis 68 kDa) is the prototypic member of the STAR (Signal Transduction and Activation of RNA) family of RNA-binding proteins, which regulate splicing in response to signalling cascades. Nuclear Sam68 protein is concentrated within subnuclear organelles called SLM/Sam68 Nuclear Bodies (SNBs), which also contain some other splicing regulators, signalling components and nucleic acids."
sars_cov2_n_condensate,cdcode,FXR-driven SARS-CoV-2 condensate,FXR-driven condensates formed by FXR proteins in coordination with the SARS-CoV-2 protein Nsp3. These condensates play a role in clustering viral replication organelles and recruiting the machinery necessary for efficient replication.
sars_cov2_n_condensate,cdcode,SARS-CoV-2 condensate,"The SARS CoV-2's nucleocapsid (N) protein binds the virus's RNA genome to and packages to forma membrane-bound virion. In cells, N forms condensates which recruits the stress granule protein G3BP1. Phase separation of the SARS-CoV-2 N protein might play a dual role in suppressing the host immune response which involves G3BP1 assembly to stress granules and packaging genomic RNA during virion formation."
sars_cov2_n_condensate,phasepdb,SARS-CoV-2 N condensate,"SARS-CoV-2 nucleocapsid protein (N-protein) undergoes liquid-liquid phase separation (LLPS) with viral RNA. N-protein condenses with specific RNA genomic elements under physiological buffer conditions and condensation is enhanced at human body temperatures (33°C and 37°C) and reduced at room temperature (22°C). RNA sequence and structure in specific genomic regions regulate N-protein condensation while other genomic regions promote condensate dissolution, potentially preventing aggregation of the large genome. N protein/RNA LLPS may be essential for SARS-CoV-2 viral assembly."
sec_body,cdcode,Sec-body,Sec bodies are reversible non-membrane bound stress assemblies that incorporate components of the ER exit sites. These assemblies form in Drosophila S2 cells in response to amino-acid starvation.
sec_body,phasepdb,Sec body,"Upon the stress of amino acid starvation in Krebs Ringer bicarbonate buffer (KRB), the ER exit sites (ERES) of Drosophila S2 cells are remodeled into large round non-membrane bound phase-separated Sec bodies. They are typically observed by immunofluorescence after staining of endogenous Sec16, Sec23 and expressed Sec24–GFP. Importantly, Sec bodies are very quickly resolved upon stress relief (addition of growth medium). Finally, they appear to protect the components of the ERES from degradation and they help cells to survive under conditions of amino acid shortage."
signaling_cluster,cdcode,Signaling cluster,Signaling clusters are protein assemblies which form at the membrane surfaces. Signaling clusters are crucial for the regulation of cell signaling.
signaling_cluster,drllps,Receptor cluster,"One of the most actively studied areas in which spatial heterogeneity is emerging as a key factor is signal transduction at the cell membrane. In addition to imposing a quasi-two-dimensional geometry, the membrane plays host to a large diversity of cellular components, and interactions among these components give rise to a complex spatial organization. A central theme of recent work in this field is the prevalence and role of membrane clusters, groups of colocalized molecules that often participate in the detection of external signals and subsequently drive responses within the cell."
signaling_cluster,phasepdb,Receptor cluster,"Membrane clusters is groups of colocalized molecules that often participate in the detection of external signals and subsequently drive responses within the cell[1]. Clustering of proteins into micrometer-sized structures at membranes is observed in many signaling pathways. Most models of clustering are specific to particular systems, and relationships between physical properties of the clusters and their molecular components are not well understood. Polymerization and concomitant phase separation is a general mechanism to create membrane clusters[2]. Besides, T cell receptors microclusters are a substructure within the T cell immunological synapse, which have now emerged as the primary functional signaling units[3]."
signaling_cluster,phasepro,membrane cluster,
signaling_condensate,cdcode,BMP2K condensate,"BMP2K(BMP-2-inducible protein kinase), a key regulator of bone differentiation, forms cytoplasmic condensates (even though, it is described to have a nuclear localization signal (NLS)). Under hyperosmotic stress, these condensates increase in number while their average size decreases."
signaling_condensate,cdcode,DDR1 condensate,DDR1 condensate in vascular smooth muscle cells counteracts the stiffness/collagen-induced YAP-Hippo pathway.
signaling_condensate,cdcode,EML4-ALK condensates,"EML4-ALK fusion oncoprotein common to human cancers forms cytoplasmic biomoelcular condensates, which participate in MAPK signalling"
signaling_condensate,cdcode,Insulin/IGF-1 signalosomes,Insulin/IGF-1 signalosomes are condensates functioning as organizing center for insulin/IGF-1 signaling. IRS-1 with aberrant liquid-like properties are implicated in metabolic diseases.
signaling_condensate,cdcode,NEDD4 condensates,"Mechanistically, hCINAP interacts with and prevents NEDD4 from forming cytoplasmic condensates that compartmentalize YAP1 and its kinase NLK, facilitating YAP1 phosphorylation at Ser128 and promoting YAP1 activation."
signaling_condensate,cdcode,PARP5A–RNF146 condensate,"The condensates formed by PARP5A and RNF146 are dynamic molecular assemblies with liquid-like properties. They are involved in regulating cellular mechanisms, including restraining necroptosis by organizing specific signaling pathways."
signaling_condensate,cdcode,PGAM5-MAVS Condensate,"PGAM5-MAVS condensates are biomolecular condensates formed through LLPS in cardiomyocytes under stress conditions.

These condensates function as scaffolds for NLRP3 inflammasome activation, thereby playing a role in inflammatory responses and myocardial injury."
signaling_condensate,cdcode,Signalosome,Hpo kinase complexes undergo clustering and phase separation
signaling_condensate,cdcode,TBC1D2B condensate,"The TBC1D2B condensate forms through liquid-liquid phase separation (LLPS) upon autophagy induction, transitioning from a dilute state to spherical gel-like compartments with high protein mobility."
sint_speckle,cdcode,Sint speckle,"SINT speckles are membraneless cytosolic speckles formed in response to cellular stress. SINT speckles partially colocalize with active TBK1, and TBK1 phosphorylation is reduced when SINTBAD and the SINT speckle component AZI2 are deleted. The acetyltransferase KAT2A (GCN5) regulates the dynamic production of SINT speckles, which is inhibited by heat shock protein-mediated chaperone action. The autophagy-initiating kinases ULK1/2 also suppress SINT speckle formation, and knocking these kinases out prevented focal TBK1 phosphorylation in a pathway-specific manner."
sint_speckle,phasepdb,SINT-speckle,"cellular stress leads to the incorporation of the adaptor protein SINTBAD (TBKBP1) into membraneless, cytosolic speckles. Determination of the interactome identified &gt;100 proteins forming constitutive and stress-inducible members of an MLO that we termed SINT-speckles. SINT-speckles partially colocalize with activated TBK1, and deletion of SINTBAD and the SINT-speckle component AZI2 leads to impaired TBK1 phosphorylation. Dynamic formation of SINT-speckles is positively controlled by the acetyltransferase KAT2A (GCN5) and antagonized by heat shock protein-mediated chaperone activity."
sirna_body,cdcode,Sirna body,"siRNA bodies are specific cytoplasmic foci in Arabidopsis thaliana which contain accumulated AGO7, SGS3 and RDR6.  siRNA ibodies are distinct from P-bodies, but become positive to stress granule markers under stress induced translational repression, implying that siRNA bodies may store stalled mRNAs."
sirna_body,drllps,siRNA body,"siRNA bodies are RNA granules associated with the synthesis of tasiRNA and the amplification of the RNA silencing signal. Many plant viruses interfere with siRNA body functions in order to suppress their contribution to siRNA production. Upon stress-induced translational repression, siRNA bodies become positive for stress-granules markers, suggesting that these bodies may accumulate stalled mRNAs."
slit_diaphragm_condensate,cdcode,Slit diaphragm condensate,"The slit diaphragm condensates are described to form through the process of liquid-liquid phase separation (LLPS), driven by multivalent interactions among key scaffold proteins at the diaphragm."
slit_diaphragm_condensate,phasepdb,Slit diaphragm condensate,"Slit diaphragm is a specialized adhesion junction between the opposing podocytes, establishing the final filtration barrier to urinary protein loss. At the cytoplasmic insertion site of each slit diaphragm there is an electron-dense and protein-rich cellular compartment that is essential for slit diaphragm integrity and signal transduction. Mutations in genes that encode components of this membrane-less compartment have been associated with glomerular diseases. We demonstrated that MAGI2, a unique MAGUK family scaffold protein at slit diaphragm, can autonomously undergo liquid-liquid phase separation. Multivalent interactions among the MAGI2-Dendrin-CD2AP complex drive the formation of the highly dense slit diaphragm condensates at physiologic conditions."
smn_complex,cdcode,SMN-Rpp20 complex,"Given that Rpp20 is found both in the cytoplasm and the nucleus, it is possible that Rpp20 has additional functions in the cytoplasm. Indeed, Rpp20 has been found to be a stress-responsive protein in the cytoplasm that is redistributed into cytoplasmic SMN granules in adverse conditions."
smn_complex,phasepdb,SMN complex,"The survival of motor neuron protein (SMN) is an ubiquitously expressed 40 kDa protein found in the cytoplasm, the nucleoplasm and nuclear Cajal bodies.Reduced levels of SMN cause spinal muscular atrophy (SMA), an autosomal recessive disease characterized by degeneration of motor neurons in the spinal cord. SMN functions as a core complex with at least eight other proteins: SIP-1 or gemin2, dp103 (gemin3, a putative RNA helicase), gemin4, which binds SMN indirectly through gemin3, and gemins 5, 6, 7, 8 and unrip. This SMN complex appears to be involved in the assembly and methylation of U snRNPs in the cytoplasm and their subsequent transport into the nucleus."
spider_silk_condensate,cdcode,Spider Silk Spidroin,conserved spider silk spidroin protein
spindle_apparatus,cdcode,+TIP,"The paper shows that human EB1 forms molecular condensates with TIP150 and MCAK through liquid–liquid phase separation to compartmentalize the kinetochore–microtubule plus-end machinery, ensuring accurate kinetochore–microtubule interactions during chromosome segregation in mitosis. The give evidence in vitro and in vivo in hela cells and also show formation of these condensates upon microinjection in drosophila syncitial embryos."
spindle_apparatus,cdcode,+TIP body,+TIP body is the condensate concentrating proteins at the growing tip of the microtubule.
spindle_apparatus,cdcode,Birc5b assembly,The chromosomal passenger protein birc5b localizes to the tips of astral microtubules and organizes microfilaments and germ plasm in the zebrafish embryo.
spindle_apparatus,cdcode,EB1F condensate,"EBF1 condensates are phase-separated structures formed by the transcription factor EBF1, driven by its intrinsically disordered region (IDR) containing regularly spaced tyrosines."
spindle_apparatus,cdcode,GAS2L3 condensates,The GAS2L3 condensate is a biomolecular condensate formed as a result of growth arrest-specific 2 like 3 (GAS2L3) protein phase separation driven by the intrinsically disordered region (IDR) of GAS2L3. GAS2L3 condensates scaffolds CHMP4B at the cell midbody during cytokinesis to accelerate cell division and promote tumor growth.
spindle_apparatus,cdcode,Spindle matrix,Spindle assembly which is an important step during mitosis requires microtubule polymerization. BuGZ phase separates and associates with microtubules and tubulin and this process leads to the assembly of spindle matrix.
spindle_apparatus,drllps,Spindle apparatus,"The spindle is an important structure when cells divide. Phase separation promotes the concentration of molecules into the droplets, thereby promoting biochemical reactions. Some protein mixtures undergo a phase change to form droplets that concentrate actin to promote F-actin assembly in vitro. In addition, studies have shown that the phase transition of spindle regulatory protein BuGZ concentrates tubulin and promotes MT polymerizationbinds to tubulin and promotes spindle assembly."
spindle_apparatus,phasepdb,Spindle apparatus,"The spindle is an important structure when cells divide. Phase separation promotes the concentration of molecules into the droplets, thereby promoting biochemical reactions. Some protein mixtures undergo a phase change to form droplets that concentrate actin to promote F-actin assembly in vitro. In addition, studies have shown that the phase transition of spindle regulatory protein BuGZ concentrates tubulin and promotes MT polymerizationbinds to tubulin and promotes spindle assembly"
spindle_apparatus,phasepro,condensed compartments of microtubule bundling,
spindle_apparatus,phasepro,spindle matrix,"A proteinaceous, nuclear-derived structure that embeds the microtubule spindle apparatus from pole to pole in a microtubule-independent manner during mitosis."
spliceosome,phasepdb,Splicesome,"Pre-mRNA splicing is catalyzed by the spliceosome, a multimegadalton ribonucleoprotein (RNP) complex comprised of five snRNPs and numerous proteins. Intricate RNA-RNA and RNP networks, which serve to align the reactive groups of the pre-mRNA for catalysis, are formed and repeatedly rearranged during spliceosome assembly and catalysis. Both the conformation and composition of the spliceosome are highly dynamic, affording the splicing machinery its accuracy and flexibility, and these remarkable dynamics are largely conserved between yeast and metazoans."
sponge_body,cdcode,Sponge body,Sponge bodies are sub-cellular structures in the cytoplasm of oocyte and nurse cell in Drosophila ovaries. Sponge bodies are crucial in transcription regulation
sponge_body,drllps,Sponge body,"Sponge bodies are 500-3,000 nm structures which are embedded in an electron dense matrix that is free of ribosomes. Btz, Tral, Cup, eIF4E, Me31B, Yps, Gus, Dcp1/2, Sqd, BicC, Hrb27C, Bru were identified in sponge bodies with Exu-GFP indicating that these structures have a role in post-transcriptional gene regulation. Since sponge bodies are typical proteinaceous membrane-less organelles, liquidâliquid phase separation is shown in the formation and disassembly of sponge bodies."
spop_daxx_body,cdcode,SPOP/DAXX body,"SPOP/DAXX bodies are nuclear bodies which form by phase separation of SPOP/DAXX in the nucleus. SPOP and DAXX are suggested to interact with each other and together they colocalize at distinct spots in the nucleus and form  a different, largely spherical type of nuclear body distinct from nuclear speckles, PML bodies, nucleoli, and Cajal bodies; named SPOP/DAXX bodies. Mutations which disrupt the interaction between SPOP and DAXX localizes SPOP to nuclear speckles and DAXX to the PML bodies."
spop_daxx_body,phasepro,SPOP/DAXX body,
std1_body,cdcode,STD1 body,STD1 bodies are  nuclear puncta in yeast which controls the response to energy depletion by SNF1.
std1_body,phasepro,Std1 bodies,
sting_phase_separator,cdcode,STING phase-separator,"Biomolecular condensates are micron-scale compartments in eukaryotic cells that operate to concentrate proteins and nucleic acids but lack surrounding membranes. RNA metabolism, ribosome biogenesis, the DNA damage response, and signal transmission are all affected by these condensates. Recent research has discovered that multivalent macromolecular interactions promote liquid-liquid phase separation, which is a fundamental organizing principle for biomolecular condensates."
sting_phase_separator,phasepdb,STING phase-separator,"In DNA virus-infected cells, excessively produced 2′3′-cGAMP triggers the phase-separation of ER-associated STING to form a biocondensate with organized membranous structures, the STING phase-separator, to separate STING-TBK1 from IRF3 and prevent innate immunity from overactivation. The STING phase-separator may act like a ‘STING-TBK1-cGAMP sponge’, and probably bypasses the requirement for intracellular 2′3′-cGAMP-specific hydrolase."
stress_granule,cdcode,DHX9 Stress Granules,"DHX9 Granules are a subtype of stress granules (SGs). DHX9 Granules are biomolecular condensates composed of RNA and proteins that form in response to RNA damage induced by UVB or UVC irradiation. They contain a substantial amount of damaged RNA, including intronic sequences. The primary protein constituent of these granules is DHX9, which facilitates their formation through binding to the damaged RNA. These condensates play a critical role in sequestering damaged RNA to prevent its translation and aid in cellular recovery processes."
stress_granule,cdcode,eIF5B granules,"Cytoplasmic condensates formed under stress, distinct from stress granules (SGs), promote internal ribosome entry site (IRES)-mediated translation."
stress_granule,cdcode,HSP condensate,"During Dictyostelium discoideum development, HSP48 is  strongly induced. It is discovered that HSP48 forms a biomolecular condensate and that polyphosphate is required to keep it stable."
stress_granule,cdcode,PCBP2 condensates,"The PCBP2 condensate is a biomolecular condensate formed as a result of phase separation of poly(C)-binding protein 2 (PCBP2). PCBP2 condensates sequester mitochondrial and mRNA-binding proteins, leading to the outside impairment of mitochondrial morphology and function, and BACE1 mRNA decay relative to amyloid deposition. Mitochondrial proteins sequestered by PCBP2 are not found in reported processing bodies (PB) or stress granules (SG)."
stress_granule,cdcode,RPSA-VIM-ENO Condensate,"Biomolecular condensate of RPSA, amplified by Streptococcus suis  Enolase."
stress_granule,cdcode,SCOTIN condensate,SCOTIN/SHISA-5 (with the help of its intrinsically disordered region (IDR)) forms biomolecular condensates along the membrane of endoplasmic reticulum (ER). It was showen to sequester Sec31/13 and impede ER-to-Golgi vesicle transport.
stress_granule,cdcode,Stress granule,"Trypanosoma brucei

Stress granules in the unicellular protest and parasite Trypanosoma brucei form under heat shock and puromycin treatment, upon polysome disassembly, at the periphery of the cell and are distinct from P-bodies."
stress_granule,cdcode,YBX1 condensate,YBX1 is proposed to undergo liquid-liquid phase separation (LLPS) to form condensates in vitro and in cells . YBX1 condensates recruit microRNAs (such as miR-223) in vitro and into exosomes secreted by cultured cells.
stress_granule,drllps,Stress granule,"Stress granules are assemblies of untranslating messenger ribonucleoproteins (mRNPs) that form from mRNAs stalled in translation initiation, which form through interactions between mRNA-binding proteins that link together populations of mRNPs. Stress granules are a kind of conserved cytoplasmic mRNP and represent an active liquid wherein energy input maintains their dynamic state, its formation modulates the stress response and signaling pathways. Besides, stress granules facilitate the establishment of an antiviral state by limiting viral protein accumulation and regulating signalling cascades that affect virus replication and immune responses."
stress_granule,phasepdb,Stress granule,"Stress granules are large cytoplasmic foci that are nucleated by the aggregation of untranslated messenger ribonucleoproteins (mRNPs), which accumulate as a result of stress-induced translation arrest. These transient, non-membrane-bound organelles are hubs that orchestrate stress responses and cell fate. Stress granule formation can interfere with viral replication because all viruses require the host translation machinery to synthesize viral proteins[1]. Their assembly is triggered by a variety of environmental stresses including heat shock, oxidative stress, hyperosmolarity, viral infection, and UV irradiation, but not X-irradiation or DNA-DNA-damaging agents. Their mRNA composition is selective—they contain transcripts encoding housekeeping genes but exclude those encoding stress-induced genes such as HSP70. Stress granules are found in both cultured cell lines and intact tissues[2]."
stress_granule,phasepro,axonal TIAR-2 granules,
stress_granule,phasepro,cytoplasmic stress granule,A dense aggregation in the cytosol composed of proteins and RNAs that appear when the cell is under stress.
sup35_condensate,cdcode,Sup35 condensate,"When yeast is under stress, Sup35 creates protective gels through pH-controlled liquid-like phase separation and gelation. Phase separation in this instance is facilitated by the N-terminal prion domain and controlled by the nearby pH sensor domain. The Sup35 translation factor is through this process protected from stress-related damage by phase separation, which aids in yeast survival."
sup35_condensate,phasepro,Sup35 condensate,
synapsin_condensate,cdcode,α-synnuclein condensates,"In human cell models, stressors could promote the abnormal phase separation of α-synuclein, leading to the formation of solid-like, pathological aggregates. This process is linked to cellular stress, including the unfolded protein response, and is considered a key step preceding aggregation in neurodegenerative diseases. In C. elegans models expressing human α-synuclein, the environmental pollutant PHCZ accelerates the formation of α-synuclein condensates and reduces their fluidity, promoting a pathological solid-like state."
synapsin_condensate,cdcode,α-synuclein condensates,Abnormal deposition of α-synuclein in the ventral tegmental area (VTA) of the brain in mice causing damage to dopaminergic neurons. This pathological aggregation of α-synuclein is linked to neuronal dysfunction and the impairment of fear memory.
synapsin_condensate,phasepdb,Synapsin condensate,"Synaptic vesicles at a living central synapse are organized as a distinct liquid phase maintained by interactions via the intrinsically disordered region of synapsin. Synapsin condensates recruit α-synuclein, and while enriched into these synapsin condensates, α-synuclein still maintains its high mobility. The presence of synaptic vesicles (SVs) enhances the rate of synapsin/α-synuclein condensation, suggesting that SVs act as catalyzers for the formation of synapsin condensates. At physiological salt and protein concentrations, α-synuclein alone is not able to cluster isolated SVs. Excess of α-synuclein disrupts the kinetics of synapsin/SV condensate formation."
"synaptosome,neuron_projection",phasepro,"synaptosome, neuron projection",
t_cell_signalosome,cdcode,T-cell signalosome,"T-cell signalling is a dynamic process involving a large number of membrane and cytosolic proteins, involved in signal transduction."
t_cell_signalosome,phasepro,LAT signalosome,
t_cell_signalosome,phasepro,TCR signalosome,"A multi-protein complex containing at least the T-cell receptor complex and the LAT (linker for activation of T cells) scaffold protein. Also contains a variety of signaling proteins including co-receptors, kinases, phosphatases and adaptors such as CD8. Connects events on the plasma membrane to distal signaling cascades to ultimately modulate T cell biology."
tam_body,cdcode,Tam body,"RNase mitochondrial RNA processing (MRP) is an endoribonuclease that degrades particular mRNAs important in cell cycle regulation. In Saccharomyces cerevisiae RMP is named Tam body, which is a specialized processing body that is temporally and asymmetrically regulated during the cell cycle, they are involved in the degradation of cell cycle regulated and daughter cell localized transcripts."
tam_body,drllps,TAM body,"Specialized structures in S.cerevisiae referred to as TAM bodies (temporal asymmetric MRP bodies) are observed exclusively during mitosis. These structures contain Xrn1p but also RNase mitochondrial RNA processing (MRP), which is an essential and highly conserved RNP complex found in eukaryotes. RNase MRP is involved in ribosome biogenesis by processing ribosomal RNA transcripts to produce primers for mitochondrial DNA replication and it cleaves S.cerevisiae B-type cyclin (CLB2) mRNA. Colocalization of Xrn1p with RNase MRP to GW/P body-like structures suggests these ribonucleases regulate mitosis by degrading mRNAs encoding cell cycle regulators."
tau_condensate,cdcode,Tau Condensate,"Inclusion bodies are insoluble aggregates of misfolded proteins inside the cell. A common pathogenic event in a range of neurodegenerative illnesses is aggregated proteins from the cytoplasm of nerve cells and glia. Alzheimer's disease, liquid Tau droplets insoluble Tau aggregates over time."
tau_condensate,cdcode,Tau inclusion,"Inclusion bodies are insoluble aggregates of misfolded proteins inside the cell. A common pathogenic event in a range of neurodegenerative illnesses is aggregated proteins from the cytoplasm of nerve cells and glia. Alzheimer's disease, liquid Tau droplets insoluble Tau aggregates over time."
tau_condensate,phasepdb,Tau condensate,"Tau, a microtubule-associated neuronal IDP, is involved in microtubule stabilization, regulates axonal outgrowth and transport in neurons. Tau can accomplish some of its cellular activities via LLPS. However, liquid-to-solid transition resulting in the abnormal aggregation of tau is associated with neurodegenerative diseases. Tau condensates play a role for neurodegenerative diseases by transitioning into aggregated forms of tau. Tau condensates are involved in microtubule binding, nucleation, and bundling. Tau condensates are interacting with RNA molecules, which could impact RNA homeostasis and transcription."
tis_granule,cdcode,TIS granule,"The TIS granule is a filamentous condensate that shares a large surface area with the rough endoplasmic reticulum and is involved in membrane protein trafficking. Large unstructured areas in mRNAs which exist in Tis granules have a high proclivity for forming a ubiquitous intermolecular interaction network, which act as the condensate skeleton. Because the underlying RNA network precludes full fusing of spherical liquid-like condensates, Tis granule is an irregularly shaped membrane-less organelles. The large surface area created by the condensate surface and the interface with other organelles could enhance interactions."
tis_granule,phasepro,TIS granule,
transcriptional_condensate,cdcode,BRD4 condensate,The BRD4 condensate is a type of biomolecular transcriptional condensate formed by the coactivator BRD4. Its formation is facilitated by the YTHDC1/m6A-eRNA (enhancer RNA).
transcriptional_condensate,cdcode,cBAF condensate,"The condensates formed by the cBAF (canonical BAF) complex, which are influenced by intrinsically disordered regions (IDRs) of ARID1A/B. These condensates are playing a role in chromatin targeting and remodeling and gene regulation."
transcriptional_condensate,cdcode,CEBPZ condensates,CEBPZ protein undergoes liquid-liquid phase separation. Affecting its phase separation seems to alleviate signs of liver fibrosis.
transcriptional_condensate,cdcode,c‐Maf condensates,"The c-Maf condensate is a biomolecular condensate formed as a result of phase separation of the transcription factor c-Maf. Alanine‐rich intrinsically disordered regions (IDRs) in c‐Maf drive hydrophobic interactions, enabling phase separation. c‐Maf recruits RNA Polymerase II via phase separation to establish transcriptional condensates that upregulate Mtbp transcription."
transcriptional_condensate,cdcode,eukaryotic topoisomerase ii,eukaryotic topoisomerase ii is a condensate formed by eukaryotic Type IIA topoisomerases (topo IIs) (enzymes that modulate chromosome supercoiling) at physiological enzyme concentrations
transcriptional_condensate,cdcode,EWS-FLI1,"Biomolecular condensates of the EWS-FLI1 fusion oncoprotein (part of the FUS/EWS/TAF15 (FET) family), is one of the most frequently involved fusion genes in Ewing sarcoma. These condensates are associated with pathogenecity in Ewing sarcoma."
transcriptional_condensate,cdcode,EWSR1 condensates,"The EWSR1 condensate is a biomolecular condensate that forms as a result of phase separation of EWS RNA-binding protein 1 (EWSR1), driven by its intrinsically disordered N‚Äêterminal and C‚Äêterminal domains, particularly C-terminal RNA recognition motifs. These condensates act as regulatory hubs by sequestering interacting factors (e.g., the m‚Å∂A reader YTHDF2), thereby altering RNA processing and stability."
transcriptional_condensate,cdcode,IFN-I transcriptional condensate,IRF3/IRF7 condensate stimulating IFN-I transcription.
transcriptional_condensate,cdcode,KAT8-IRF1 condensate,"after cell exposure to IFNγ, KAT8 first binds to amino acids 21–42 in the N-terminal DNA-binding domain (DBD) of induced IRF1, and the IDRs of the two proteins promote KAT8–IRF1 condensate formation"
transcriptional_condensate,cdcode,MEF2D Condensate,Dynamic nuclear condensates involved in transcriptional regulation during myogenesis.
transcriptional_condensate,cdcode,METTL14 condensate,"The METTL14 condensate is formed through liquid-liquid phase separation (LLPS) of the methyltransferase-like 14 (METTL14) protein, mediated by phosphorylation. The condensate is thought to participate in the process of N6-methyladenosine (m6A) modification of mRNA. The condensate is studied in the context of Mycobacterium tuberculosis infection, during which, the condensate could be targeted to prevent condensate formation and preventing the modification of mRNA."
transcriptional_condensate,cdcode,Nur77 condensate,The Nur77 condensate is  formed through the liquid-liquid phase separation of the nuclear receptor Nur77 on ubiquitinated mitochondria.
transcriptional_condensate,cdcode,RNA polymerase clusters,"Through interactions with activators, RNA polymerase (Pol) II's C-terminal disordered region (CTD) produces clusters or hubs at active genes. CTD droplets are dispersed by CTD phosphorylation and are capable of incorporating intact Pol II."
transcriptional_condensate,cdcode,SGF29 condensate,"SGF29 forms liquid-like nuclear condensates during senescence that localize at senescence-associated gene loci, recruiting transcriptional machinery. These condensates interact with chromatin and nascent RNA, regulating senescence-linked transcriptional programs and reinforcing cellular aging through activation of senescence genes."
transcriptional_condensate,cdcode,TFAP2β condensates,The TFAP2β condensate is formed through phase separation of transcription factor AP-2 beta (TFAP2β). TFAP2β undergoes condensation in the nucleus to bind the zinc finger protein 131 (ZNF131) promoter.
transcriptional_condensate,cdcode,Transcription condensate,Transcription bodies of zebrafish embryo are enriched for initiating and elongating forms of RNA polymerase II as well as pioneer transcription factors such as Nanog and Sox19B. They are formed at the mir430 genomic locus and are enriched for miR430 micro RNA.
transcriptional_condensate,cdcode,Transcription Elongation Condensate,"Transcription Elongation Condensate form at active gene loci during pause release and elongation. They re enriched with active Pol II (Ser5P, Ser2P) and co-localize with nascent RNA and DNA, especially at paused genes. These condensates are important for regulating transcriptional pause release and elongation."
transcriptional_condensate,cdcode,Transcriptional condensate,"Transcriptional condensates are bimolecular condensates which form by phase separation of transcription factors, mediator cofactors and numerous nucleic-acid binding proteins at enhancer sites of gene loci, promoting bimolecular interactions which are necessary for gene expression."
transcriptional_condensate,cdcode,Transcriptional condensates,RNA Polymerase transition from a dispersed to clusters  as E.coli cells enter log phase in nutrient-rich media. These transcription condensates concentrate RNAP and transcription factors (such as NusA).
transcriptional_condensate,phasepdb,Elongation complex,"Release of paused RNA polymerase II (Pol II) requires incorporation of the positive transcription elongation factor b (P-TEFb) into the super elongation complex (SEC), thus resulting in rapid yet synchronous transcriptional activation. However, the mechanism underlying dynamic transition of P-TEFb from inactive to active state remains unclear. Here, we found that the SEC components are able to compartmentalize and concentrate P-TEFb via liquid-liquid phase separation from the soluble inactive HEXIM1 containing the P-TEFb complex. Specifically, ENL or its intrinsically disordered region is sufficient to initiate the liquid droplet formation of SEC. AFF4 functions together with ENL in fluidizing SEC droplets. SEC droplets are fast and dynamically formed upon serum exposure and required for rapid transcriptional induction."
transcriptional_condensate,phasepdb,Transcriptional condensate,"The transcription factors (TFs) regulating cell identity contain prion-like domains (PrLDs) that enable liquid-liquid demixing and the formation of phase-separated condensates. The assembly of the transcription machinery at genomic sites occurs through liquid-liquid phase separation, leading to the formation of transcriptional condensates. Repeat expansions in intrinsically disordered regions (IDRs) of transcription factors (TFs) alter the phase separation capacity of those TFs, and their capacity to form transcriptional condensates with components of the transcription machinery."
transcriptional_condensate,phasepro,POLII clusters,
transcriptional_condensate,phasepro,"RNA polymerase II, holoenzyme","A nuclear DNA-directed RNA polymerase complex containing an RNA polymerase II core enzyme as well as additional proteins and transcription factor complexes, that are capable of promoter recognition and transcription initiation from an RNA polymerase II promoter in vivo. These additional components may include general transcription factor complexes TFIIA, TFIID, TFIIE, TFIIF, or TFIIH, as well as Mediator, SWI/SNF, GCN5, or SRBs and confer the ability to recognize promoters."
u_body,cdcode,U-body,U-bodies are specific cytoplasmic RNA granules which are sites for for snRNP assembly aided by U-snRNPs and SMN.
u_body,drllps,U body,"U body is uridine-rich small nuclear ribonucleoproteins (U snRNPs). Drosophila SMN complex proteins Gemin2, Gemin3, and Gemin5 are components of U bodies. And U bodies have recently been described in human cells as discrete 200-400 nm nonmembranous cytoplasmic microdomains containing uridine-rich small nuclear ribonucleoproteins U1, U2, U4/U6 and U5 (U snRNPs). U bodies may be involved in snRNP and mRNA assembly and/or transport. U snRNPs are assembled in the cytoplasm into U bodies, which also contain essential snRNP (splicesome) assembly factors, suggesting that U bodies are sites for assembly or storage of snRNPs before being imported into the nucleus."
ubqln_puncta,cdcode,Ubqln puncta,"Ubiquilins (UBQLNs) are multifunctional proteins that interact with a variety of components of the cell's protein quality control (PQC) machinery. UBQLN mutations are most frequently connected to amyotrophic lateral sclerosis (ALS), frontotemporal dementia (FTD), and other neurodegenerative diseases. Studies have shown that UBQLN proteins undergo phase separation and form condensates and pathogenic aggregates."
ubqln_puncta,phasepdb,UBQLN puncta,"All brain-expressed ubiquilins exhibit self-association behavior manifesting as condensates, they follow distinct courses of phase-separation and aggregation. The brain-expressed ubiquilins, UBQLNs 1, 2 and 4, are highly homologous proteins that participate in multiple aspects of protein homeostasis and are implicated in neurodegenerative diseases. UBQLN2 is intrinsically prone to self-assemble into higher-order complexes, including liquid-like droplets and amyloid aggregates. UBQLN2 self-assembly and solubility are reciprocally modulated by the protein's ubiquitin-like and ubiquitin-associated domains. Moreover, a pathogenic UBQLN2 missense mutation impairs droplet dynamics and favors amyloid-like aggregation associated with neurotoxicity."
viral_factory,cdcode,Cytoplasmic viral factory,Inclusions which form from concentrating of the replication machinary of RNA viruses. These inclusions favor enzymatic activities and protect the viral from getting recognized by the cellular receptors.
viral_factory,cdcode,cytoplasmic Virion Assembly Compartments (cVACs),Herpesvirus forms cytoplasmic Virion Assembly Compartments (cVACs) in the cytoplasm of the infected cell. These compartments exhibit liquid-like properties.
viral_factory,cdcode,HIV core condensate,"HIV-1 NC, CA, RT, and IN, but not PR, phase separated in vitro and in live cells as HIV-1 biomlecular condensates (BMCs) in live cells."
viral_factory,cdcode,LANA body,"LANA bodies are dynamic infectious condensates, located in the nucleus of the host cell, containing viral genome and the KSHV protein LANA, which form via phase separation."
viral_factory,cdcode,RdRp condensates,GII.4 HuNoV RdRp protein forms condensates in the infected cells for sites for viral replication.
viral_factory,cdcode,Viral factory,Inclusions which form from concentrating of the replication machinary of RNA viruses. These inclusions favor enzymatic activities and protect the viral from getting recognized by the cellular receptors.
viral_factory,phasepro,cytoplasmic viral factory,A viral factory located in the cytoplasm of a host cell.
viroplasm,cdcode,GCRV viroplasm,"The GCRV viroplasm is a  condensate that organizes viral replication and assembly by concentrating viral proteins and genetic material. It also plays a role in immune evasion by sequestering host antiviral factors, thereby suppressing the host immune response"
viroplasm,phasepdb,Viroplasm,"Viroplasms are cytoplasmic, membraneless structures assembled in rotavirus (RV)-infected cells, which are intricately involved in viral replication. Two virus-encoded, non-structural proteins, NSP2 and NSP5, are the main drivers of viroplasm formation. The structures (as far as is known) and functions of these proteins are described. Recent studies using plasmid-only-based reverse genetics have significantly contributed to elucidation of the crucial roles of these proteins in RV replication. Thus, it has been recognized that viroplasms resemble liquid-like protein-RNA condensates that may be formed via liquid-liquid phase separation (LLPS) of NSP2 and NSP5 at the early stages of infection. Interactions between the RNA chaperone NSP2 and the multivalent, intrinsically disordered protein NSP5 result in their condensation (protein droplet formation), which plays a central role in viroplasm assembly. These droplets may provide a unique molecular environment for the establishment of inter-molecular contacts between the RV (+)ssRNA transcripts, followed by their assortment and equimolar packaging."
viroplasm,phasepro,viroplasm,
viroplasm,phasepro,viroplasm viral factory,"A cytoplasmic viral factory that is electron dense due to high levels of viral RNA. Produced by nucleo-cytoplasmic large DNA viruses (NCLDV) like Poxviridae, Asfarviridae and Iridoviridae, and dsRNA viruses like Reoviridae."
wnk_body,cdcode,WNK body,"WNK bodies are large distinct foci which form in the distal convoluted tubule (DCT) as the result of potassium imbalance. WNK body formation is dependent on kidney-specific WNK1 (KS-WNK1), a truncated kinase-defective WNK1 isoform that is strongly expressed in the DCT."
wnt_signaling_condensate,cdcode,Beta-Catenin Destruction Complex,"Destruction complex (DC), are condensates comprising scaffold proteins and kinases that regulate β-catenin stability. The centrosome nucleates DC. Enriching GSK3β partitioning on the centrosome controls β-catenin processing and prevents Wnt-driven embryonic stem cell differentiation to mesoderm."
wnt_signaling_condensate,cdcode,Dishevelled condensate,"Dishevelled 2 (Dvl2) is hown to undergo liquid-liquid phase separation (LLPS), mediated by its intrinsically disordered region. Dvl2 condensates are important for controlling the assembly of the Wnt receptor signalosome and disruption of the β-catenin destruction complex."
wnt_signaling_condensate,cdcode,DVL2 condensates,"Ubiquitination of Dvl2 through K63 by WWP2 leads to condensate formation, which activate Wnt signaling"
wnt_signaling_condensate,cdcode,LEF1/Beta-catenin condensate,LEF1/β-catenin IDR- dependent condensates enhance Wnt signalling and activation of target gene transcription.
yb_body,cdcode,Yb-body,"Yb-bodies are perinuclear foci in Drosophila ovarian somatic cells, which  are thought to be the site of PIWI interacting RNA (piRNA) synthesis (OSCs). Yb bodies are multivalent condensates that are formed by Yb-Yb homotypic interaction and   interaction with flamenco RNA transcripts, which are the source of transposon-repressing piRNAs."
yb_body,phasepdb,Yb body,"Female sterile Yb is a primary component of Yb bodies, perinuclear foci considered to be the site of PIWI-interacting RNA (piRNA) biogenesis in Drosophila ovarian somatic cells."
yb_body,phasepro,Yb body,A cytoplasmic part that appears as an electron-dense sphere of around 1.5 micron diameter containing Yb protein found in somatic cells of ovary and testis. There are one to two Yb bodies per cell.
z_granule,cdcode,Z-granule,"Early germline blastomeres of C elegans contain ZNFX-1, ZSP1, and WAGO-4, which localize to germ granules (P granules). These proteins detach from P granules later in germline development, forming a distinct liquid-like condensate called the Z-granule. Z-granules assemble into organized tri-condensate assemblages with P-granules and Mutator foci in adult germ cells, termed PZM granules."
z_granule,phasepdb,Z granule,"Z granule formation occurs at a precise time point in germline development. After detaching from nuclei in oocytes as distinct condensates, Z granule constituents mix together with components of the P granule in the one-celled embryo posterior in large primordial granules that also contain PGL-1. Z granule proteins remain mixed with P granule proteins in these large condensates, until the birth of the P4 blastomere, at which point Z granule proteins demix from P granule proteins to create the Z granule compartment. The Z granule remains distinct from, yet directly adjacent to, P granules for the remainder of embryonic and larval development."
zo_protein_compartment,cdcode,Junctional condensate,"Tight junctions are cell-adhesion complexes between neighbouring cells. The membrane-associated scaffolding proteins ZO1 and ZO2 are required for tight junction supra-molecular construction and placement as continuous networks of adhesion strands. Recent research have shown that ZO proteins self-organize membrane-attached compartments by phase separation and identified the multivalent interactions of the conserved PDZ-SH3-GuK supra-domain as the mechanism underlying ZO phase separation.
The polarity protein PATJ protein is recruited to ZO-1 condensates and supports transition of ZO-1 into a condensed surface layer that elongates around the apical interface."
zo_protein_compartment,phasepdb,ZO protein compartment,"Tight junction associated membrane proteins regulate tight junction assembly in conjunction with zonula occludens protein phase separation, membrane lipids, mechanical force, and polarity signaling proteins. Non-junctional ZO-1 clusters form by phase separation, and direct actin binding of ZO-1 is required for stable incorporation of retrogradely flowing ZO-1 clusters into TJs. ZO proteins self-organize membrane-attached compartments via phase separation. Formation of condensed ZO protein compartments is sufficient to specifically enrich and localize tight-junction proteins, including adhesion receptors, cytoskeletal adapters, and transcription factors."
