Nombre Original,Nombre Sugerido,Categoria,Justificacion Biologica
a matrix holding together clusters of synaptic vesicles (SVs),synapsin_condensate,Neuronal,Matriz que agrupa vesículas sinápticas organizada por sinapsina via LLPS; equivalente funcional al synapsin condensate [PMID:32101738]
Actin cortical patch,actin_cortical_patch,Citoesqueleto,Estructura de actina ramificada en membrana plasmática en levaduras; condensado distinto sin equivalente en células de mamífero
Adhesin nanodomain,adhesin_nanodomain,Membrana,Dominio de fase separada en superficie celular fúngica; estructura única sin equivalente canónico [PMID:29187516]
Anisosome,anisosome,Nuclear,Condensado core-shell con propiedades de cristal líquido formado por TDP-43 deficiente en ARN [PMID:33335017]
Arp2/3 protein complex,DISCARD,—,Complejo proteico estructural; no es un MLO sino una máquina molecular. Término GO no aplicable aquí
axonal TIAR-2 granules,axonal_tiar2_granule,Neuronal,"Gránulos axonales formados post-lesión en C. elegans; inhiben la regeneración del cono axonal via PrLD. Estímulo, localización y función distintos al stress granule canónico — la homología con TIA-1 no implica identidad de compartimento. [PMID:31378567]"
bacterial RNP-bodies (BR-bodies),bacterial_rnp_body,Procariota,Gránulos de RNP bacterianos; condensados procariotas sin equivalente en eucariotas
Balbiani body,balbiani_body,Germinal,Condensado de oocito temprano con propiedades sólidas; conservado en metazoos [PMID:28755153]
basal Numb-Pon crescent in dividing neuroblasts,polarity_condensate,Neuronal,Condensado de polaridad celular en neuroblastos; agrupa con otros condensados de polaridad tipo Par complex
Cajal body,cajal_body,Nuclear,Centro de ensamblaje de snRNPs y scaRNPs; marcado por coilina [PMID:27819531]
Carboxysome,carboxysome,Procariota,Compartimento de fijación de CO2 en cianobacterias; análogo prokariota al pirenoide [PMID:34759380]
Centrosome,centrosome,Citoesqueleto,MTOC animal; PCM se ensambla por LLPS [PMID:29258725]
Centrosome/,centrosome,Citoesqueleto,Entrada malformada en DrLLPS (truncada); equivalente a Centrosome
cGAS-DNA complex,cgas_dna_complex,Citoplasmático,Condensado de cGAS con DNA; activa señalización innata [PMID:29976794]
cGAS foci,cgas_dna_complex,Citoplasmático,Variante de nombre para el mismo condensado de cGAS
Chromatin,chromatin_compartment,Nuclear,Subcompartimentos de cromatina por LLPS; incluye hetero y eucromatina como fases separadas [PMID:29628210]
Chromatoid body,chromatoid_body,Germinal,"Gránulo post-meiótico en espermátidas, asociado al aparato de Golgi. Distinto del IMC (meiótico, perinuclear, asociado a mitocondrias): composición molecular diferente, estadio diferente. Se separa de nuage. [PMID:30086300, PMID:19730684]"
Cleavage body,cleavage_body,Nuclear,Cuerpo nuclear asociado a procesamiento de ARN; sin equivalente directo con otro MLO conocido
collagen-containing extracellular matrix,DISCARD,—,Matriz extracelular con membrana; no es un MLO. Término GO estructural
condensed compartments of microtubule bundling,spindle_apparatus,Citoesqueleto,Compartimentos condensados asociados al ensamblaje del huso; agrupa con spindle_apparatus
Contractile ring,contractile_ring,Citoesqueleto,Anillo contráctil de citocinesis; condensado de actomiosina distinto; sin equivalente directo
cytoplasmic microtubule,DISCARD,—,Término estructural GO; no es un MLO sino un componente del citoesqueleto
cytoplasmic protein granule,cytoplasmic_protein_granule,Citoplasmático,Término genérico de granulo proteico citoplasmático; mantener como catch-all para entradas no clasificables
cytoplasmic ribonucleoprotein granule,cytoplasmic_rnp_granule,Citoplasmático,RNP granule citoplasmático genérico; distinto de stress granule y P-body específicos
cytoplasmic stress granule,stress_granule,Citoplasmático,Sinónimo explícito de stress granule [PMID:17284590]
cytoplasmic viral factory,viral_factory,Viral,Fábrica viral citoplasmática; agrupa con otras fábricas virales
DDX1 body,ddx1_body,Nuclear,Cuerpo nuclear fluido asociado a procesamiento de pre-ARNm; distinto de Cajal body y nuclear speckle
dense fibrillar component,nucleolus,Nuclear,Subestructura del nucleolo; colapsada por falta de anotación consistente a nivel de subestructura
DNA damage foci,dna_damage_foci,Nuclear,Focos de respuesta a daño en DNA; condensados de DSB [PMID:25773265]
Droplet,in_vitro_droplet,In vitro,LLPS determinado exclusivamente in vitro en DrLLPS
Elongation complex,transcriptional_condensate,Nuclear,Complejo de elongación SEC forma condensados por LLPS en sitios de activación transcripcional [PMID:32270036]
enhanceosome,enhanceosome,Nuclear,Complejo proteína-DNA en enhancer; distinto del transcriptional condensate canónico por su composición definida
enhancer condensate,enhancer_condensate,Nuclear,Condensado de ARNm enhancer (eRNP) con propiedades de fase separada; distinto del mediator condensate [PMID:32434105]
euchromatin,chromatin_compartment,Nuclear,Fase activa de la cromatina; colapsada en chromatin_compartment con heterochromatin
extracellular matrix,DISCARD,—,Matriz extracelular; no es un MLO
Ftsz-rich droplets at specific chromosomal DNA sites,ftsz_droplet,Procariota,Droplets de FtsZ en sitios cromosómicos bacterianos; condensado procariota específico
galectin complex,galectin_lattice,Membrana,Complejo homodímerizante de galectinas; agrupa con galectin lattice por ser la misma red molecular
galectin lattice,galectin_lattice,Membrana,Red de galectinas en superficie celular que forma fase separada [PMID:15476813]
Gemini of cajal body,gem,Nuclear,No contiene snRNPs; relacionado con complejo SMN; distinto del Cajal body [PMID:28577509]
Gems,gem,Nuclear,Sinónimo de Gemini of cajal body
germ plasm,germ_plasm,Germinal,Citoplasma diferenciado germinal; incluye polar granules y equivalentes en distintos organismos
Germ plasm,germ_plasm,Germinal,Variante de capitalización
Glycolytic body,glycolytic_body,Citoplasmático,Condensado de enzimas glicolíticas en hipoxia; hidrogel-like; distinto de stress granule [PMID:32298230]
Golgin condensate,golgin_condensate,Citoplasmático,Condensados de golgins periféricos al Golgi por LLPS [PMID:32668013]
granular component,nucleolus,Nuclear,Subestructura del nucleolo; colapsada
GW-body,p_body,Citoplasmático,Sinónimo basado en GW182; comparte componentes y función con P-body [PMID:26930655]
Heterochromatin,heterochromatin,Nuclear,Cromatina compacta transcripcionalmente silente; HP1α forma condensados [PMID:28636597]
heterochromatin,heterochromatin,Nuclear,Variante de caja baja
Histone locus body,histone_locus_body,Nuclear,Subnúcleo de procesamiento de pre-ARNm de histonas; distinto de Cajal body [PMID:20504965]
Htt inclusion,inclusion_body,Patológico,Inclusiones de huntingtina mutante; agrega con inclusion_body como categoría patológica
Hyperosmotic shock foci,hyperosmotic_shock_foci,Citoplasmático,Focos transientes en respuesta a choque hiperosmótico; biológicamente distintos del SG [PMID:31285266]
IMP1 ribonucleoprotein granule,neuronal_granule,Neuronal,Gránulo de RNP de IMP1 en células en movimiento; composición similar a granulo neuronal [PMID:17289661]
inclusion body,inclusion_body,Patológico,Cuerpos de inclusión intracelulares; agrupa inclusiones virales y patológicas
Inclusion body,inclusion_body,Patológico,Variante de capitalización
insulator body,insulator_body,Nuclear,Focos nucleares de insuladores de cromatina en respuesta a estrés osmótico [PMID:23878275]
Integrin adhesion complex,integrin_adhesion_complex,Membrana,Complejo de adhesión de integrina que forma condensados por LLPS [PMID:35049497]
intracellular DNA/protein granule,intracellular_dna_protein_granule,Citoplasmático,Gránulo citoplasmático de DNA/proteína; término genérico sin equivalente más específico
intracellular non-membrane-bounded organelle,DISCARD,—,Término GO estructural genérico; no es un MLO específico
L-body,l_body,Germinal,Gránulo de transporte de ARNm en oocitos de Xenopus; distinto de otros granulos de ARNm [PMID:34613784]
LAT signalosome,t_cell_signalosome,Membrana,Componente LAT del signalosoma de célula T; mismo condensado funcional que TCR signalosome
liquid-like DYRK3 speckles,liquid_dyrk3_speckle,Nuclear/Mitótico,Speckles de DYRK3 que disuelven múltiples MLOs durante mitosis; condensado regulatorio distinto
mediator condensate,mediator_condensate,Nuclear,Condensado de Mediador en super-enhancers; composición distinta del transcriptional condensate [PMID:31391587]
membrane cluster,signaling_cluster,Membrana,Agrupamiento genérico de moléculas en membrana; agrupa con receptor cluster
micro-ribonucleoprotein complex,mirisc,Citoplasmático,Complejo miRISC; silenciamiento de ARNm por miRNA
Microtubule,DISCARD,—,Estructura del citoesqueleto; no es un MLO aunque proteínas de LLPS se asocien a él
miRISC,mirisc,Citoplasmático,Complejo de silenciamiento por miRNA mediado por Argonauta [PMID:29576456]
mitochondrial cloud,balbiani_body,Germinal,Sinónimo del cuerpo de Balbiani en Xenopus [PMID:6541166]
Mitochondrial nucleoid,mitochondrial_nucleoid,Mitocondrial,Nucleoide mitocondrial; condensado de mtDNA con TFAM [PMID:34711968]
Mitochondrial RNA granule,mitochondrial_rna_granule,Mitocondrial,Gránulo de ARN mitocondrial; procesamiento postranscripcional y biogénesis de ribosomas mitocondriales
MORC3-NBs,morc3_nuclear_body,Nuclear,Cuerpos nucleares de MORC3; subestructura nuclear distinta sin equivalente conocido
Mutator foci,mutator_foci,Germinal,Focos perinucleares de amplificación de siRNA en línea germinal de C. elegans [PMID:30036386]
mutator focus,mutator_foci,Germinal,Variante singular; mismo MLO
Negri body,negri_body,Viral,Cuerpos de Negri del virus de la rabia; fábrica viral con propiedades de condensado líquido [PMID:28680096]
neuron projection,DISCARD,—,Término GO de morfología neuronal; no es un MLO
Neuronal granule,neuronal_granule,Neuronal,Gránulo de transporte de ARNm en neuronas; distinto de SG aunque comparte componentes [PMID:25110026]
neuronal ribonucleoprotein granule,neuronal_granule,Neuronal,Sinónimo de neuronal granule en terminología de PhasePro
NPR1 Condensate,npr1_condensate,Citoplasmático,Condensado de NPR1 inducido por ácido salicílico en plantas; específico de respuesta inmune vegetal [PMID:32810437]
Nuage,nuage,Germinal,Material granulofibrilar perinuclear en células germinales; distinto de P granule aunque relacionado [PMID:21768607]
nuclear bodies that occur at super enhancers in mESCs,enhancer_condensate,Nuclear,Cuerpos nucleares en super-enhancers de células madre; equivalente al enhancer condensate
nuclear body,nuclear_body,Nuclear,Término genérico para cuerpos nucleares no clasificados en categoría más específica
Nuclear body,nuclear_body,Nuclear,Variante de capitalización
Nuclear dicing body,nuclear_dicing_body,Nuclear,D-body de plantas; condensado de procesamiento de miRNA [PMID:33288888]
nuclear pore central transport channel,nuclear_pore_complex,Nuclear,Canal central del NPC formado por FG-nucleoporinas por hidrogel-like phase separation; agrupa con NPC
Nuclear pore complex,nuclear_pore_complex,Nuclear,Complejo de poro nuclear; canal central con propiedades de condensado [PMID:26614874]
nuclear protein granule,nuclear_protein_granule,Nuclear,Gránulo proteico nuclear genérico; mantener como catch-all
nuclear speck,nuclear_speckle,Nuclear,Sinónimo antiguo de nuclear speckle [PMID:28977640]
Nuclear speckle,nuclear_speckle,Nuclear,Speckle nuclear de factores de splicing [PMID:28977640]
nuclear speckle,nuclear_speckle,Nuclear,Variante de caja baja
Nuclear stress body,nuclear_stress_body,Nuclear,Inducido por HSF1 y SatIII RNA en respuesta a heat shock; nuclear y distinto del SG [PMID:20516127]
Nucleolus,nucleolus,Nuclear,Sitio de biogénesis ribosomal organizado en tres fases por LLPS [PMID:29779866]
nucleolus,nucleolus,Nuclear,Variante de caja baja
obsolete cytoskeletal part,DISCARD,—,Término GO obsoleto; no aplicable
OPT domain,opt_domain,Nuclear,Dominio Oct1/PTF/transcripción en fase G1; condensado nuclear específico de transcripción [PMID:9501098]
Oskar granule,oskar_granule,Germinal,Gránulo de ARNm de oskar en Drosophila; comportamiento sólido in vivo [PMID:35325593]
Others,NULL,—,Entradas sin MLO asignado en DrLLPS; descartar
P-body,p_body,Citoplasmático,Cuerpo de procesamiento de ARNm [PMID:31626750]
P body,p_body,Citoplasmático,Variante de espacio
P-bodies,p_body,Citoplasmático,Variante plural
p62 body,p62_body,Citoplasmático,Condensado de p62 dependiente de poliubiquitina [PMID:29343546]
p62 cluster,p62_body,Citoplasmático,Variante sintáctica
P granule,p_granule,Germinal,Gránulo germinal de C. elegans; condensado RNP perinuclear [PMID:30096346]
Par complex,polarity_condensate,Neuronal,Condensado de polaridad Par3/Par6 en neuroblastos [PMID:32385244]
ParABS,parabs_condensate,Procariota,Sistema de partición plasmídica bacteriano por LLPS [PMID:34902429]
Paraspeckle,paraspeckle,Nuclear,Cuerpo nuclear mamífero-específico organizado por NEAT1 lncRNA [PMID:29289458]
paraspeckle,paraspeckle,Nuclear,Variante de caja baja
paraspeckles,paraspeckle,Nuclear,Variante plural
PcG body,polycomb_body,Nuclear,Cuerpo de proteínas Polycomb; agrupa con Polycomb body [PMID:31171700]
PcG chromatin condensates,polycomb_body,Nuclear,Condensados de cromatina de PcG; mismo MLO que PcG body
PcG protein complex,DISCARD,—,Complejo proteico de Polycomb; no es un MLO sino la maquinaria molecular. Término GO
pericentriolar material,centrosome,Citoesqueleto,PCM es el componente condensado del centrosoma [PMID:34308971]
Pericentriolar matrix,centrosome,Citoesqueleto,Sinónimo de pericentriolar material
Perinucleolar compartment,perinucleolar_compartment,Nuclear,Compartimento perinucleolar en células transformadas; distinto del nucleolo [PMID:205638885]
pi-body,pi_body,Germinal,Estructura PIWIL2-TDRD1 en gonocitos; dedicada a piRNA primario [PMID:20011505]
PML body,pml_nuclear_body,Nuclear,Sinónimo de PML nuclear body [PMID:10944585]
PML nuclear body,pml_nuclear_body,Nuclear,Cuerpo nuclear de PML; regulado por SUMOilación [PMID:17928811]
Polarisome,polarisome,Citoesqueleto,Centro de nucleación de cables de actina en levaduras; condensado de polaridad [PMID:31699995]
POLII clusters,transcriptional_condensate,Nuclear,Clusters de Pol II en sitios de transcripción activa; agrupa con transcriptional condensate
Polycomb body,polycomb_body,Nuclear,Condensado nuclear de PRC1 por LLPS de CBX2 [PMID:31171700]
postsynaptic density,postsynaptic_density,Neuronal,Densidad postsináptica; condensado proteico subyacente a la membrana postsináptica [PMID:32015539]
Postsynaptic density,postsynaptic_density,Neuronal,Variante de capitalización
Pre-autophagosomal structure,pre_autophagosomal_structure,Citoplasmático,PAS en levaduras; condensado líquido de proteínas Atg [PMID:32025038]
Presynaptic active zone condensate,presynaptic_active_zone,Neuronal,Condensado de zona activa presináptica; RIM/RIM-BP forman condensados [PMID:30661983]
presynaptic cytosol,presynaptic_active_zone,Neuronal,Citosol presináptico; agrupa con presynaptic active zone como localización del mismo condensado
Proteasome containing foci,proteasome_foci,Nuclear,Focos nucleares de proteasoma en estrés hiperosmótico; condensado proteolítico [PMID:32386541]
protein-containing complex,DISCARD,—,Término GO genérico; no es un MLO
protein complex involved in cell-cell adhesion,DISCARD,—,Término GO de adhesión celular; no es un MLO
Purinosome,purinosome,Citoplasmático,Condensado de enzimas de biosíntesis de purinas; hidrogel-like [PMID:35307352]
pyrenoid,pyrenoid,Plastídico,Orgánulo no membranoso en cloroplastos de algas para fijación de CO2 [PMID:23345319]
Pyrenoid matrix,pyrenoid,Plastídico,Matriz del pirenoide; agrupa con pyrenoid
Receptor cluster,signaling_cluster,Membrana,Agrupamiento de receptores en membrana [PMID:22404929]
Replication compartment,replication_compartment,Viral/Nuclear,Compartimento de replicación viral intranuclear con propiedades de condensado líquido [PMID:34578359]
ribonucleoprotein complex,DISCARD,—,Término GO genérico de complejo RNP; no es un MLO específico
RISC complex,mirisc,Citoplasmático,Complejo RISC/miRISC de silenciamiento
"RNA polymerase II, holoenzyme",transcriptional_condensate,Nuclear,Holoenzima de Pol II en hubs transcripcionales; agrupa con transcriptional condensate
robustly E2-activated enhancers (MegaTrans) enhancers,enhancer_condensate,Nuclear,Enhancers MegaTrans activados por E2; condensados de enhancer [PMID:32434105]
Rosenthal fiber,rosenthal_fiber,Patológico,Inclusiones de GFAP en astrocitos en Alexander disease [PMID:27193225]
Sam68 nuclear bodies (SNBs),sam68_nuclear_body,Nuclear,SNBs de Sam68; cuerpos nucleares de splicing regulado por señalización
Sam68 nuclear body,sam68_nuclear_body,Nuclear,Variante singular
SARS-CoV-2 N condensate,sars_cov2_n_condensate,Viral,Condensado del nucleocápside de SARS-CoV-2 con ARN viral [PMID:32901111]
Sec body,sec_body,Citoplasmático,Cuerpo de salida del RE en inanición de aminoácidos en Drosophila [PMID:34350957]
selective hydrogel-like meshwork formed by FG-nucleoporins in nuclear pore central channel,nuclear_pore_complex,Nuclear,Hidrogel de FG-nucleoporinas en el canal central del NPC; agrupa con nuclear_pore_complex
SINT-speckle,sint_speckle,Citoplasmático,Speckle citoplasmático de SINTBAD/TBK1 en respuesta a estrés [PMID:31442668]
siRNA body,sirna_body,Citoplasmático,Gránulo de ARN asociado a síntesis de tasiRNA; en plantas [PMID:29312371]
Slit diaphragm condensate,slit_diaphragm_condensate,Membrana,Condensado del diafragma de la hendidura en podocitos [PMID:34330769]
small RNA amplification complex,mutator_foci,Germinal,Complejo de amplificación de siRNA; equivalente funcional a los mutator foci
SMN complex,smn_complex,Nuclear/Citoplasmático,Complejo SMN en citoplasma y Cajal bodies; involucrado en ensamblaje de snRNP [PMID:19928837]
Spindle apparatus,spindle_apparatus,Citoesqueleto,Aparato del huso; proteínas como BuGZ forman condensados que concentran tubulina [PMID:26388440]
spindle matrix,spindle_apparatus,Citoesqueleto,Matriz proteinácea que embebe el huso; sinónimo funcional del spindle apparatus
Spindle pole,spindle_pole_body,Citoesqueleto,Referencia al polo del huso en contexto fúngico/levadura; equivalente al SPB. Ver spindle_pole_body.
Splicesome,spliceosome,Nuclear,Maquinaria de splicing; forma condensados dinámicos [PMID:21441581]
Sponge body,sponge_body,Germinal,Estructura de 500-3000 nm en nurse cells y oocitos de Drosophila; composición distinta del P-body canónico [PMID:19301391]
SPOP/DAXX body,spop_daxx_body,Nuclear,Cuerpo nuclear de SPOP y DAXX; condensado nuclear sin equivalente más general conocido
Std1 bodies,std1_body,Citoplasmático,Cuerpos de Std1 en levaduras; condensados de respuesta a glucosa
STING phase-separator,sting_phase_separator,Citoplasmático,Biocondensado de STING-TBK1 que regula inmunidad innata [PMID:33833429]
Stress granule,stress_granule,Citoplasmático,Gránulo de RNP citoplasmático canónico [PMID:28669985]
Stress granules,stress_granule,Citoplasmático,Variante plural
stress_granule,stress_granule,Citoplasmático,Normalización sintáctica
cytoplasmic stress granule,stress_granule,Citoplasmático,Variante con localización explícita
sress-granule,stress_granule,Citoplasmático,Corrección tipográfica
Sup35 condensate,sup35_condensate,Citoplasmático,Condensado del factor de terminación Sup35 en levaduras; prion-like
Synapsin condensate,synapsin_condensate,Neuronal,Condensado de sinapsina que organiza vesículas sinápticas [PMID:32101738]
synaptosome,DISCARD,DISCARD,Sinaptosome es una estructura con membrana plasmática; no es un MLO. Entrada malformada con canonical con espacio.
TAM body,tam_body,Nuclear,Cuerpo TAM en mitosis de S. cerevisiae; contiene RNase MRP [PMID:2023224973]
Tau condensate,tau_condensate,Neuronal,Condensado de Tau; microtúbulos y patología neurodegenerativa [PMID:32096048]
TCR signalosome,t_cell_signalosome,Membrana,Signalosoma del TCR [PMID:22426112]
LAT signalosome,t_cell_signalosome,Membrana,Componente LAT; mismo condensado
TIS granule,tis_granule,Citoplasmático,Red reticular asociada al RE; distinta del SG esférico en morfología [PMID:32719076]
Transcriptional condensate,transcriptional_condensate,Nuclear,Condensado transcripcional en enhancers; TFs con PrLD [PMID:32386547]
U body,u_body,Citoplasmático,Cuerpo de U snRNPs en citoplasma; sitio de ensamblaje antes del import nuclear [PMID:2020452345]
UBQLN puncta,ubqln_puncta,Citoplasmático,Puncta de ubiquilinas; condensados de homeostasis proteica [PMID:30333186]
viroplasm,viroplasm,Viral,Fábrica viral de rotavirus; condensado líquido de NSP2/NSP5 [PMID:34372555]
Viroplasm,viroplasm,Viral,Variante de capitalización
viroplasm viral factory,viroplasm,Viral,Variante de PhasePro para el mismo condensado viral
cytoplasmic viral factory,viral_factory,Viral,Fábrica viral citoplasmática genérica; distintas de viroplasm específico
Yb body,yb_body,Germinal,Foco perinuclear de biogénesis de piRNA en células somáticas de ovario en Drosophila [PMID:31267711]
Z granule,z_granule,Germinal,Gránulo Z en línea germinal de C. elegans; se demixing del P granule en blastómero P4 [PMID:33438773]
ZO protein compartment,zo_protein_compartment,Membrana,Compartimento de proteínas ZO en tight junctions [PMID:31675499]
in vitro droplet,in_vitro_droplet,In vitro,LLPS determinado exclusivamente in vitro
Others,NULL,—,Sin MLO asignado; descartar
_,NULL,—,Entrada vacía; descartar
nuclear bodies that occur at super enhancers in mESCs,enhancer_condensate,Nuclear,Cuerpos en super-enhancers de mESCs; equivalente al enhancer condensate
Mitochondrial cloud,balbiani_body,Germinal,Sinónimo del cuerpo de Balbiani en Xenopus
+TIP,spindle_apparatus,Citoesqueleto,Proteína de punta de microtúbulo; forma condensados en extremos de microtúbulos
+TIP body,spindle_apparatus,Citoesqueleto,Cuerpo de proteínas +TIP; variante nomenclatural
53BP1 Mitotic Stress Body (MSBs),dna_damage_foci,Nuclear,Focos de 53BP1 en estrés mitótico; variante de DNA damage foci en mitosis
A-bodies,nuclear_stress_body,Nuclear,Cuerpos A inducidos por acidificación; condensados nucleares de ARN no codificante relacionados con nuclear stress bodies
ABC transporter condensate,bacterial_rnp_body,Procariota,Condensado de transportador ABC en bacterias; condensado procariota
Actin nucleator,actin_cortical_patch,Citoesqueleto,Nucleador de actina; condensado de nucleación; agrupa con actin_cortical_patch
AFAP1-AS1 condensates,nuclear_speckle,Nuclear,AFAP1-AS1 regula splicing alternativo reclutando factores de splicing como nuclear speckles; más cercano a nuclear_speckle que a nuclear_body genérico [CDCODE]
Aggresome,aggresome,Citoplasmático,Estructura perinuclear de proteínas ubiquitinadas mal plegadas; condensado hidrogel-like de control de calidad proteica
Als5p amyloid,amyloid_aggregate,Citoplasmático,Agregado amiloide de Als5p en levaduras; estructura sólida no dinámica
ALYREF condensates,nuclear_speckle,Nuclear,Condensados de ALYREF (factor de exportación de ARNm); asociado a nuclear speckles
Ankle Link Complex (ALC) Condensate,ankle_link_condensate,Membrana,Condensado del complejo de unión entre estereocilios en células ciliadas del oído interno
ArgBP2 dendritic spine condensate,postsynaptic_density,Neuronal,Condensado de ArgBP2 en espinas dendríticas; componente de la densidad postsináptica
Arsenite-induced Necrosome,necrosome,Citoplasmático,Complejo de necroptosis inducido por arsenito; condensado de RIPK3/MLKL
Assemblysome,assemblysome,Nuclear,Condensado nuclear de ensamblaje de complejos RNP; descrito en biogénesis viral
ATG condensate,pre_autophagosomal_structure,Citoplasmático,Condensado de proteínas ATG; equivalente al pre-autophagosomal structure (PAS)
ATG4B condensate,pre_autophagosomal_structure,Citoplasmático,Condensado de ATG4B; parte del sistema de autofagia
BAG2,proteasome_foci,Nuclear,BAG2 condensate facilita degradación por proteasoma 20S independiente de ubiquitina bajo estrés hiperosmótico; no es un aggresome sino un condensado de control de calidad proteica similar a proteasome_foci [CDCODE]
BAZ2A bodies,baz2a_body,Nuclear,Cuerpos nucleares de BAZ2A; asociados a heterocromatina pericentromérica y silenciamiento de ARN ribosomal
Beta-Catenin Destruction Complex,wnt_destruction_complex,Citoplasmático,"Condensado citoplasmático del estado Wnt-OFF, nucleado en el centrosoma. Físicamente distinto del signalosoma de Wnt en membrana (estado Wnt-ON). Composición, localización y función opuestos al DVL/signalosoma. [CDCODE: PMID:34711968]"
Birc5b assembly,spindle_apparatus,Citoesqueleto,Ensamblaje de Birc5b (survivina); proteína del chromosomal passenger complex asociada al huso
BMP2K condensate,signaling_condensate,Citoplasmático,Condensado de quinasa BMP2K; condensado de señalización sin equivalente más específico
BR-body,bacterial_rnp_body,Procariota,BR-body bacteriano (bacterial RNP body); ya cubierto como bacterial_rnp_body
BRD4 condensate,transcriptional_condensate,Nuclear,Condensado de BRD4 en super-enhancers; componente del transcriptional condensate
cBAF condensate,transcriptional_condensate,Nuclear,Condensado del complejo remodelador cBAF (SWI/SNF); activa cromatina por LLPS
CCR4-NOT1 complex,p_body,Citoplasmático,Complejo CCR4-NOT1 de deadenilación; componente central de P-bodies
Ccer1 condensate,nuclear_body,Nuclear,Condensado de Ccer1 en espermatocitos; nuclear body específico de línea germinal masculina
CEBPZ condensates,transcriptional_condensate,Nuclear,Condensados de CEBPZ; factor de transcripción asociado a cromatina activa
Chloroplast Stress granule,chloroplast_stress_granule,Plastídico,Gránulo de estrés de cloroplasto en plantas; análogo al stress granule en compartimento plastídico
Chromogranin condensates,chromogranin_condensate,Citoplasmático,Condensados de cromograninas en vesículas de secreción neuroendocrinas
c‐Maf condensates,transcriptional_condensate,Nuclear,Condensados del factor de transcripción c-Maf; condensado transcripcional en células B
Cobl condensate,actin_cortical_patch,Citoesqueleto,Condensado de Cobl (nucleador de actina lineal); agrupa con actin_cortical_patch
Cojusome,cojusome,Citoplasmático,Condensado de proteínas de conjugación en Giardia; MLO específico de parásito
Contractile ring condensate,contractile_ring,Citoesqueleto,Variante de nombre del contractile ring
CPEB4 granule,cytoplasmic_rnp_granule,Citoplasmático,Gránulo de CPEB4; RNP granule de control traduccional en oocitos
Cpeb1b-Pabpc1b-shh Condensate,cytoplasmic_rnp_granule,Citoplasmático,Condensado de CPEB1b con PABP y ARNm shh en zebrafish; RNP granule de control traduccional
CRY2/SPA1/FIO1 condensate,plant_photobody,Vegetal,Condensado de fotorreceptor CRY2 con SPA1 en plantas; relacionado con plant photobody
Cytoplasmic bodies,cytoplasmic_protein_granule,Citoplasmático,Cuerpos citoplasmáticos genéricos; término catch-all en CDCODE
D-granule,d_granule,Citoplasmático,D-gránulo (dense granule) en plaquetas; gránulo de secreción especializado
DDR1 condensate,hippo_condensate,Membrana,"DDR1 en células musculares lisas vasculares contrarresta específicamente la vía YAP-Hippo inducida por rigidez/colágeno; es un modulador de Hippo, no signaling_condensate genérico [CDCODE]"
Ddx3xb condensates,cytoplasmic_rnp_granule,Citoplasmático,Condensados de Ddx3xb; helicasa DEAD-box en gránulos de ARN citoplasmáticos
Degradosome,degradosome,Procariota,Degradosoma bacteriano; complejo de degradación de ARN que forma condensados en E. coli
DHX9 Stress Granules,stress_granule,Citoplasmático,Gránulos de estrés enriquecidos en DHX9; variante composicional del stress granule
Dishevelled condensate,wnt_signaling_condensate,Citoplasmático,"Condensado de DVL2/Dishevelled en estado Wnt-ON; controla ensamblaje del receptor signalosoma. Se mantiene en wnt_signaling_condensate, distinto del wnt_destruction_complex."
Dps condensate,dps_condensate,Procariota,Condensado de proteína Dps (DNA protection during starvation) en bacterias
DVL2 condensates,wnt_signaling_condensate,Citoplasmático,"Condensado de DVL2 activado por ubiquitinación K63; activa señalización Wnt disrumpiendo el complejo de destrucción. Estado Wnt-ON; se mantiene en wnt_signaling_condensate, distinto del wnt_destruction_complex."
DYRK3 speckle,liquid_dyrk3_speckle,Nuclear/Mitótico,Speckle de DYRK3; disuelve múltiples MLOs durante mitosis
EB1F condensate,spindle_apparatus,Citoesqueleto,Condensado de EB1F (end-binding protein); proteína +TIP; agrupa con spindle_apparatus
eIF5B granules,stress_granule,Citoplasmático,Gránulos de eIF5B; factor de iniciación traduccional reclutado en stress granules
Elastin granule,elastin_granule,Extracelular,Gránulo de tropoelastina antes de secreción; condensado coacervado en vía secretora
ELVA,elva,Nuclear,ELVA; condensado nuclear específico descrito en contexto de diferenciación
EML4-ALK condensates,signaling_condensate,Citoplasmático,Condensados de fusión EML4-ALK oncogénica; condensado de señalización patológico
Endocytic condensates,endocytic_condensate,Membrana,Condensados de componentes endocíticos
Enhancer cluster,enhancer_condensate,Nuclear,Cluster de enhancers activos; variante de enhancer condensate
Enzyme_shell proteins condensates,carboxysome,Procariota,Proteínas de capa de microcompartimentos bacterianos; condensado tipo carboxysome
ERES,eres_condensate,Citoplasmático,Sitios de salida del retículo endoplasmático; condensados de tráfico vesicular
ESCRTs,escrt_condensate,Membrana,Complejo ESCRT; forma condensados en membrana endosomal
eukaryotic topoisomerase ii,chromatin_compartment,Nuclear,"Topo II eucariota forma condensados sobre el supercoiling cromosómico a concentraciones fisiológicas; componente de organización de cromatina, no específicamente transcripcional [CDCODE]"
EWS-FLI1,transcriptional_condensate,Nuclear,Fusión oncogénica EWS-FLI1; forma condensados transcripcionales aberrantes
EWSR1 condensates,transcriptional_condensate,Nuclear,Condensados de EWSR1; proteína FUS-like que forma condensados transcripcionales
Ede1 condensate,endocytic_condensate,Membrana,Condensado de Ede1 (Eps15 homolog) en endocitosis en levaduras
FATZ-1 condensate,postsynaptic_density,Neuronal,Condensado de FATZ-1; componente del disco Z muscular; relacionado con postsynaptic density
Ferritin-NCOA4 condensate,ferritin_condensate,Citoplasmático,Condensado de ferritina con NCOA4 en ferritinofagia; condensado de almacenamiento de hierro
focal adhesion (FA) condensate,integrin_adhesion_complex,Membrana,Condensado de adhesión focal; equivalente al integrin adhesion complex
Founder granule,germ_plasm,Germinal,Gránulo fundador en embriones de Drosophila; precursor del germ plasm
FRQ condensate,frq_condensate,Citoplasmático,Condensado del reloj circadiano FRQ en Neurospora; condensado de control temporal
FtsZ condensate,ftsz_droplet,Procariota,Condensado de FtsZ bacteriano; variante del ftsz_droplet
FtsZ/SlmA body,ftsz_droplet,Procariota,Cuerpo FtsZ/SlmA con regulador SlmA; variante del ftsz condensate
Fus1 condensate,polarity_condensate,Neuronal,Condensado de Fus1 en levaduras; involucrado en fusión celular y polaridad
FXR-driven SARS-CoV-2 condensate,sars_cov2_n_condensate,Viral,Condensado de SARS-CoV-2 mediado por FXR; variante del condensado N
FXR1 condensates,cytoplasmic_rnp_granule,Citoplasmático,Condensados de FXR1; RNP granule de control traduccional en músculo
GAS2L3 condensates,spindle_apparatus,Citoesqueleto,Condensados de GAS2L3; asociado al citoesqueleto mitótico
GCRV viroplasm,viroplasm,Viral,Viroplasma del GCRV (grass carp reovirus); variante del viroplasm
Germ granule,p_granule,Germinal,Gránulo germinal genérico; en contextos de CDCODE refiere a P granules o equivalentes según especie
G-body,glycolytic_body,Citoplasmático,G-body = glycolytic body en levaduras; condensado de enzimas glicolíticas en hipoxia
Golgi ribbon,golgin_condensate,Citoplasmático,Cinta del Golgi; estructura continua con propiedades de condensado; agrupa con golgin_condensate
HIV core condensate,viral_factory,Viral,Condensado del core del HIV; cápside viral con propiedades de condensado
Hippo signalosome,hippo_condensate,Membrana,Signalosoma de la vía Hippo; condensado de señalización de YAP/TAZ
HSP condensate,signaling_condensate,Citoplasmático,HSP48 en Dictyostelium forma condensado estabilizado por polifosfato durante desarrollo; no es un stress granule canónico sino un condensado de chaperones de desarrollo [CDCODE]
Hypersomatic shock foci,hyperosmotic_shock_foci,Citoplasmático,Variante ortográfica de hyperosmotic shock foci en CDCODE
IFN-I transcriptional condensate,transcriptional_condensate,Nuclear,Condensado transcripcional de respuesta a interferón tipo I
IL-1b-induced INAVA condensates,inava_condensate,Citoplasmático,Condensados de INAVA inducidos por IL-1β; condensado de señalización inflamatoria
IMC (intermitochondrial cement),nuage,Germinal,"Material granulofibrilar entre mitocondrias en espermatocitos meióticos; es la forma meiótica del nuage masculino. Se distingue del cuerpo cromatoide (post-meiótico, en espermátidas). IMC → nuage es correcto; la distinción relevante es nuage vs chromatoid_body."
INAVA condensates,inava_condensate,Citoplasmático,Condensados constitutivos de INAVA; condensado de señalización inflamatoria
Inflammasome,inflammasome,Citoplasmático,Inflamasoma; condensado de señalización innata que activa caspasa-1
Insulin/IGF-1 signalosomes,signaling_condensate,Citoplasmático,Signalosomas de insulina/IGF-1; condensado de señalización metabólica en membrana
Junctional condensate,zo_protein_compartment,Membrana,Condensado de unión celular en tight junctions; agrupa con ZO protein compartment
KAT8-IRF1 condensate,transcriptional_condensate,Nuclear,Condensado de KAT8-IRF1; complejo de acetilación en respuesta inmune transcripcional
LANA body,viral_factory,Viral,Cuerpo de LANA del herpesvirus KSHV; condensado nuclear viral
Large dense-core vesicles,chromogranin_condensate,Citoplasmático,Vesículas de núcleo denso neuroendocrinas; agrupa con chromogranin condensate
LEF1/Beta-catenin condensate,wnt_signaling_condensate,Citoplasmático,Condensado nuclear de LEF1/β-catenina; efector transcripcional de la vía Wnt
Leucocyte nuclear body,nuclear_body,Nuclear,Cuerpo nuclear de leucocitos; nuclear body específico de células inmunes
MARDO,mardo,Germinal,"MARDO (Mitochondria-Associated RNP Domain in Oocytes) es un hidrogel de etapa tardía en oocitos de mamífero con composición molecular propia. Biofísicamente distinto del cuerpo de Balbiani (condensado amiloide de etapa temprana, PMID:27135929). No son equivalentes."
McdB condensate,mcd_condensate,Procariota,Condensado de McdB en cianobacterias; regulador de posicionamiento del carbosoma
MEF2D Condensate,transcriptional_condensate,Nuclear,Condensado del factor de transcripción MEF2D; condensado transcripcional muscular
MegaTrans enhancer complex,enhancer_condensate,Nuclear,Complejo MegaTrans en enhancers activos; equivalente al enhancer condensate
METTL14 condensate,nuclear_speckle,Nuclear,"METTL14 modifica m6A de ARNm en condensados nucleares que co-localizan con transcriptos; funciona en procesamiento de ARN mensajero, más cercano a nuclear_speckle [CDCODE]"
MEX3B granule,cytoplasmic_rnp_granule,Citoplasmático,Gránulo de MEX3B; RNP granule de regulación post-transcripcional
Midbody Granule,midbody_granule,Mitótico,Gránulo del cuerpo medio en citocinesis; condensado de señalización post-mitótica
Mimi granules,neuronal_granule,Neuronal,"Gránulos Mimi contienen ARNm y proteínas de procesos sinápticos en Drosophila; su pérdida causa neuropeptide signaling impaired y neurodegeneración — son gránulos neuronales, no germinales [CDCODE]"
miRISC condensate,mirisc,Citoplasmático,Condensado de miRISC; equivalente al miRISC
MORC3 nuclear body,morc3_nuclear_body,Nuclear,Cuerpo nuclear de MORC3; equivalente al MORC3-NBs del mapping previo
mtRNA granule,mitochondrial_rna_granule,Mitocondrial,Variante de nombre para mitochondrial RNA granule
NAB3 nuclear body,nuclear_body,Nuclear,Cuerpo nuclear de NAB3 en levaduras; nuclear body de terminación de transcripción
NEDD4 condensates,hippo_condensate,Membrana,NEDD4 condensados compartimentalizan YAP1 y su quinasa NLK controlando fosforilación de YAP1 en Ser128; modulador directo de la vía Hippo [CDCODE]
Neuronal RNP granule,neuronal_granule,Neuronal,Gránulo de RNP neuronal; sinónimo de neuronal granule
NONO,paraspeckle,Nuclear,NONO es proteína estructural de paraspeckles; su condensado en CDCODE corresponde a paraspeckles
NP bodies,norad_pum_body,Citoplasmático,NP bodies son condensados de Pumilio inhibido por lncRNA NORAD que previenen mitosis aberrante; equivalentes al NORAD-PUM body ya definido como canonical [CDCODE]
Nuclear poly(A) domains,maternal_mrna_condensate,Germinal,NPADs son condensados de ARNm recién transcrito en oocitos en desarrollo ligados a infertilidad femenina; no son nuclear speckles sino hubs de transcritos maternos [CDCODE]
Numb/Pon condensate,polarity_condensate,Neuronal,Condensado de Numb/Pon en neuroblastos; equivalente al Par complex / polarity_condensate
Nur77 condensate,signaling_condensate,Citoplasmático,"Nur77 forma condensados en mitocondrias ubiquitinadas promoviendo apoptosis; es un condensado de señalización pro-apoptótica citoplasmática, no transcripcional [CDCODE]"
nYAC,transcriptional_condensate,Nuclear,"nYAC son condensados nucleares de YTHDC1 y m6A que mantienen células AML en estado indiferenciado suprimiendo diferenciación; condensados transcripcionales/epigenéticos, no nuclear_body genérico [CDCODE]"
ORC1 bodies,replication_compartment,Viral/Nuclear,Cuerpos de ORC1; condensados de replicación en contexto viral
ORF8/p62 condensate,p62_body,Citoplasmático,Condensado de proteína ORF8 viral con p62; secuestra p62 en infección
Omega speckle,nuclear_speckle,Nuclear,Omega speckle en Drosophila; speckle nuclear enriquecido en hrp65; variante del nuclear speckle
OsJAZ2 condensate,plant_signaling_condensate,Citoplasmático,Condensado de OsJAZ2 en respuesta a jasmonato en arroz
OsSRO1c-OsDREB2B condensate,plant_signaling_condensate,Citoplasmático,Condensado de factores de transcripción de estrés en arroz
P6 inclusion body,inclusion_body,Patológico,Cuerpo de inclusión P6 de virus de plantas; variante del inclusion body
P-granule,p_granule,Germinal,Variante de P granule con guión; mismo MLO
PARCL condensate,plant_signaling_condensate,Citoplasmático,Condensado de PARCL en plantas; regulación post-transcripcional
ParABS DNA,parabs_condensate,Procariota,Variante de ParABS; sistema de partición de DNA bacteriano
PARP1-DNA condensate,dna_damage_foci,Nuclear,Condensado de PARP1 con DNA en respuesta a daño; co-localiza con DNA damage foci
PARP5A–RNF146 condensate,signaling_condensate,Citoplasmático,Condensado de PARP5A con RNF146; señalización de ubiquitinación
PB-like Assembly,p_body,Citoplasmático,Ensamblaje P-body-like; variante funcional del P-body
PCBP2 condensates,signaling_condensate,Citoplasmático,"PCBP2 secuestra proteínas de unión mitocondrial y controla BACE1 mRNA decay relativo a mitocondrias; condensado de regulación de ARNm con función en señalización mitocondrial, no stress granule [CDCODE]"
Peri-nucleolar condensate,perinucleolar_compartment,Nuclear,Condensado perinucleolar; equivalente al perinucleolar compartment
Pericentriolar compartment,centrosome,Citoesqueleto,Compartimento pericentriolar; sinónimo funcional de pericentriolar matrix → centrosome
PFK-1.1 condensates,glycolytic_body,Citoplasmático,Condensados de fosfofructoquinasa PFK-1.1; componente de glycolytic body en C. elegans
PGAM5-MAVS Condensate,signaling_condensate,Citoplasmático,Condensado de PGAM5-MAVS en señalización antiviral mitocondrial
PGL granules,p_granule,Germinal,Gránulos de PGL-1/PGL-3; componentes scaffolding de P granules de C. elegans
Plant growth regulator,plant_signaling_condensate,Citoplasmático,Regulador de crecimiento vegetal; término genérico en CDCODE para condensados de señalización vegetal
Plant Photobody,plant_photobody,Vegetal,Fotocuerpo de plantas; condensado nuclear de fotorreceptores como phyB
Plectin condensates,signaling_condensate,Citoplasmático,"Plectina via IDR promueve diferenciación osteoblástica secuestrando Anxa2 por phase separation; condensado de señalización de diferenciación, no aggresome [CDCODE]"
PodJ condensates,polarity_condensate,Neuronal,Condensados de PodJ en Caulobacter; condensado de polaridad bacteriana
PolyP granule,polyp_granule,Procariota,Gránulo de polifosfato inorgánico en bacterias; condensado de almacenamiento metabólico
PopZ condensate,polarity_condensate,Neuronal,Condensado de PopZ en Caulobacter; hub de señalización en polo bacteriano
Pre-replication compartment (PRC),replication_compartment,Viral/Nuclear,Compartimento pre-replicativo viral; precursor del replication compartment
Presynaptic clusters,presynaptic_active_zone,Neuronal,Clusters presinápticos; equivalente al presynaptic active zone condensate
Presynaptic clusters and postsynaptic densities,presynaptic_active_zone,Neuronal,Término combinado; mapea a presynaptic_active_zone como estructura dominante
Proteasome condensate,proteasome_foci,Nuclear,Condensado de proteasoma; equivalente al proteasome containing foci
Rapsn condensate,postsynaptic_density,Neuronal,Condensado de Rapsyn en unión neuromuscular; organiza receptores de acetilcolina
RBFOX1 RNP granule,neuronal_granule,Neuronal,Gránulo de RNP de RBFOX1; proteína de splicing neuronal; variante del neuronal granule
RBM15 condensate,nuclear_body,Nuclear,Condensado de RBM15; proteína de procesamiento de ARN nuclear
RdRp condensates,viral_factory,Viral,Condensados de ARN polimerasa dependiente de ARN viral; componente de viral factory
rDNA locus,nucleolus,Nuclear,Locus de rDNA; sitio genómico del nucleolo; anotado separado en CDCODE
Refractile body,refractile_body,Procariota,Cuerpo refráctil en Plasmodium; estructura de almacenamiento en parásito
RH20 condensate,plant_signaling_condensate,Citoplasmático,Condensado de RH20 en plantas; helicasa DEAD-box en respuesta a estrés
Rho body,rho_body,Procariota,Cuerpo Rho en alfa-proteobacterias; condensado de almacenamiento de proteínas
RNA polymerase clusters,transcriptional_condensate,Nuclear,Clusters de ARN polimerasa en sitios transcripcionales activos
RNP granule,cytoplasmic_rnp_granule,Citoplasmático,Gránulo de RNP genérico; término catch-all en CDCODE
Row 1-specific tip complex condensates,ankle_link_condensate,Membrana,Condensados del complejo de la punta del kinocilio; variante especializada del Ankle Link condensate
RPSA-VIM-ENO Condensate,viral_factory,Viral,"Condensado de RPSA/vimentina/enolasa amplificado por enolasa de Streptococcus suis en contexto infeccioso; condensado de fábrica infecciosa, no stress granule [CDCODE]"
SARS-CoV-2 condensate,sars_cov2_n_condensate,Viral,Condensado de proteínas de SARS-CoV-2; agrupa con sars_cov2_n_condensate
SCOTIN condensate,eres_condensate,Citoplasmático,"SCOTIN/SHISA-5 forma condensados en la membrana del RE secuestrando Sec31/13 e impidiendo tráfico ER-Golgi; es un condensado del sitio de salida del RE (ERES), no un stress granule [CDCODE]"
SDC4 exosomal condensate,exosomal_condensate,Extracelular,Condensado exosomal de sindecán-4; condensado en vesículas extracelulares
senescence-associated nuclear proteasome foci,proteasome_foci,Nuclear,Focos de proteasoma nuclear en senescencia; variante del proteasome containing foci
sex body,sex_body,Nuclear,"Cuerpo de Barr (cromosoma X inactivo); heterocromatina facultativa con organización en capas y dinámica molecular específica (XIST, SHARP, HDAC3). Biológicamente distinto de la heterocromatina constitutiva HP1α-driven. [PMID:30886132]"
SGF29 condensate,transcriptional_condensate,Nuclear,Condensado de SGF29 (complejo SAGA); condensado de activación transcripcional
Signaling cluster,signaling_cluster,Membrana,Variante de Receptor cluster / signaling cluster
Signalosome,signaling_condensate,Citoplasmático,Signalosoma genérico; condensado de señalización en membrana
SIMR foci,simr_foci,Germinal,"Focos de SIMR-1 en C. elegans; median la transición entre piRNA primario (pi-bodies) y secundario (mutator foci). Molecularmente separables de los mutator foci con componentes propios (SIMR-1, ENRI-1). Adyacentes pero biológicamente distintos."
Sint speckle,sint_speckle,Citoplasmático,Variante sin guión de SINT-speckle
SMN-Rpp20 complex,smn_complex,Nuclear/Citoplasmático,Complejo SMN-Rpp20; variante del complejo SMN con componentes de RNase MRP
SMN1 nuclear body,gem,Nuclear,Cuerpo nuclear de SMN1; equivalente a las Gems
SOSS-INTAC Condensate,dna_damage_foci,Nuclear,Condensado de SOSS-INTAC en respuesta a daño en DNA
Spider Silk Spidroin,spider_silk_condensate,Extracelular,Condensado de espidroína en glándula de seda de araña; condensado de secreción especializado
SPRI2 Nuclear Condensate,nuclear_body,Nuclear,Condensado nuclear de SPRI2 en plantas; nuclear body vegetal
SSB condensate,signaling_condensate,Citoplasmático,"SSB bacteriano (procariota) almacena proteínas de reparación de DNA y se disuelve bajo estrés genómico para movilizarlas; depósito regulatorio procariota, no foco de daño al DNA eucariota [CDCODE]"
STD1 body,std1_body,Citoplasmático,Variante de capitalización de Std1 bodies en levaduras
Sec-body,sec_body,Citoplasmático,Variante con guión de Sec body
T-cell signalosome,t_cell_signalosome,Membrana,Variante de TCR signalosome
TAZ Condensate,hippo_condensate,Membrana,"TAZ es el efector nuclear de la vía Hippo; sus condensados reclutan co-activadores transcripcionales (TEAD4, BRD4) pero su identidad primaria es como efector de Hippo, no condensado transcripcional genérico [CDCODE]"
TBC1D2B condensate,signaling_condensate,Citoplasmático,Condensado de TBC1D2B (GAP de Rab); señalización de tráfico vesicular
TDP-25 inclusions,inclusion_body,Patológico,Inclusiones de TDP-25 (fragmento de TDP-43); agregados patológicos neurodegenerativos
TFAP2β condensates,transcriptional_condensate,Nuclear,Condensados del factor de transcripción TFAP2β
TIAR2 neuronal granule,neuronal_granule,Neuronal,Gránulo neuronal de TIAR-2 en C. elegans; variante del neuronal granule
TIFA-TRAF6 Condensate,inflammasome,Citoplasmático,Condensado de TIFA-TRAF6 en señalización de NF-κB; relacionado con inflamasoma
TopBP1 condensate,dna_damage_foci,Nuclear,Condensado de TopBP1 en checkpoint de replicación; co-localiza con focos de daño en DNA
Transcription condensate,transcriptional_condensate,Nuclear,Variante sintáctica de transcriptional condensate
Transcription Elongation Condensate,transcriptional_condensate,Nuclear,Condensado de elongación transcripcional; variante del transcriptional condensate
Transcriptional condensates,transcriptional_condensate,Nuclear,Variante plural de transcriptional condensate
Translational Condensate,cytoplasmic_rnp_granule,Citoplasmático,Condensado de traducción activa; RNP granule con maquinaria traduccional activa
Trbd,p_granule,Germinal,Trbd (tribbles-dependent bodies) en Drosophila; gránulos germinales relacionados con P granules
TRIM45 bodies,DISCARD,Nuclear,"Definición de CDCODE solo indica ""Cytoplasmic Puncta"" — evidencia insuficiente de MLO; además es citoplasmático, inconsistente con el canonical nuclear_body asignado"
U-body,u_body,Citoplasmático,Variante con guión de U body
Viral Factory,viral_factory,Viral,Variante de capitalización de viral factory
viral replication compartment (VRC),replication_compartment,Viral/Nuclear,Compartimento de replicación viral; equivalente al replication compartment
Virus-induced replication (VIR) condensate,replication_compartment,Viral/Nuclear,Condensado de replicación inducido por virus
VRN1 nuclear body,nuclear_body,Nuclear,Cuerpo nuclear de VRN1 en plantas; nuclear body de control del tiempo de floración
WHI3 cluster,cytoplasmic_rnp_granule,Citoplasmático,Cluster de WHI3 en levaduras; RNP granule de control del ciclo celular
WNK body,wnk_body,Citoplasmático,Cuerpo de WNK kinasa; condensado de señalización osmótica en respuesta a hipotonicidad
YBX1 condensate,exosomal_condensate,Extracelular,"YBX1 forma condensados que reclutan miRNAs (miR-223) hacia exosomas secretados; función primaria en biogénesis de exosomas, no en respuesta al estrés [CDCODE]"
Yb-body,yb_body,Germinal,Variante con guión de Yb body
cytoplasmic Virion Assembly Compartments (cVACs),viral_factory,Viral,Compartimento de ensamblaje viral citoplasmático; variante de viral factory
inclusion body-associated granule (IBAG),inclusion_body,Patológico,Gránulo asociado a cuerpos de inclusión viral; subtipo del inclusion body
p62-dependent P-bodies (pd-PBs),p_body,Citoplasmático,P-bodies dependientes de p62; variante composicional del P-body
Z-granule,z_granule,Germinal,Variante con guión de Z granule
α-synuclein condensates,synapsin_condensate,Neuronal,Condensados de α-sinucleína; se reclutan en condensados de sinapsina y participan en organización presináptica
α-synnuclein condensates,synapsin_condensate,Neuronal,Variante ortográfica de α-synuclein condensates
Synthetic Condensate 000001,synthetic_condensate,Sintético,Condensado sintético de CDCODE; no corresponde a un MLO biológico natural
Synthetic Condensate 000002,synthetic_condensate,Sintético,Condensado sintético de CDCODE; no corresponde a un MLO biológico natural
Synthetic Condensate 000003,synthetic_condensate,Sintético,Condensado sintético de CDCODE; no corresponde a un MLO biológico natural
Synthetic Condensate 000004,synthetic_condensate,Sintético,Condensado sintético de CDCODE; no corresponde a un MLO biológico natural
Synthetic Condensate 000005,synthetic_condensate,Sintético,Condensado sintético de CDCODE; no corresponde a un MLO biológico natural
Synthetic Condensate 000006,synthetic_condensate,Sintético,Condensado sintético de CDCODE; no corresponde a un MLO biológico natural
Synthetic Condensate 000007,synthetic_condensate,Sintético,Condensado sintético de CDCODE; no corresponde a un MLO biológico natural
Synthetic Condensate 000008,synthetic_condensate,Sintético,Condensado sintético de CDCODE; no corresponde a un MLO biológico natural
Synthetic Condensate 000009,synthetic_condensate,Sintético,Condensado sintético de CDCODE; no corresponde a un MLO biológico natural
Synthetic Condensate 000010,synthetic_condensate,Sintético,Condensado sintético de CDCODE; no corresponde a un MLO biológico natural
Synthetic Condensate 000011,synthetic_condensate,Sintético,Condensado sintético de CDCODE; no corresponde a un MLO biológico natural
Synthetic Condensate 000012,synthetic_condensate,Sintético,Condensado sintético de CDCODE; no corresponde a un MLO biológico natural
Synthetic Condensate 000013,synthetic_condensate,Sintético,Condensado sintético de CDCODE; no corresponde a un MLO biológico natural
Synthetic Condensate 000014,synthetic_condensate,Sintético,Condensado sintético de CDCODE; no corresponde a un MLO biológico natural
Synthetic Condensate 000015,synthetic_condensate,Sintético,Condensado sintético de CDCODE; no corresponde a un MLO biológico natural
Synthetic Condensate 000016,synthetic_condensate,Sintético,Condensado sintético de CDCODE; no corresponde a un MLO biológico natural
Synthetic Condensate 000017,synthetic_condensate,Sintético,Condensado sintético de CDCODE; no corresponde a un MLO biológico natural
Synthetic Condensate 000018,synthetic_condensate,Sintético,Condensado sintético de CDCODE; no corresponde a un MLO biológico natural
Synthetic Condensate 000019,synthetic_condensate,Sintético,Condensado sintético de CDCODE; no corresponde a un MLO biológico natural
Synthetic Condensate 000020,synthetic_condensate,Sintético,Condensado sintético de CDCODE; no corresponde a un MLO biológico natural
Synthetic Condensate 000021,synthetic_condensate,Sintético,Condensado sintético de CDCODE; no corresponde a un MLO biológico natural
Synthetic Condensate 000022,synthetic_condensate,Sintético,Condensado sintético de CDCODE; no corresponde a un MLO biológico natural
Synthetic Condensate 000023,synthetic_condensate,Sintético,Condensado sintético de CDCODE; no corresponde a un MLO biológico natural
Synthetic Condensate 000024,synthetic_condensate,Sintético,Condensado sintético de CDCODE; no corresponde a un MLO biológico natural
Synthetic Condensate 000025,synthetic_condensate,Sintético,Condensado sintético de CDCODE; no corresponde a un MLO biológico natural
Synthetic Condensate 000026,synthetic_condensate,Sintético,Condensado sintético de CDCODE; no corresponde a un MLO biológico natural
Synthetic Condensate 000027,synthetic_condensate,Sintético,Condensado sintético de CDCODE; no corresponde a un MLO biológico natural
Synthetic Condensate 000028,synthetic_condensate,Sintético,Condensado sintético de CDCODE; no corresponde a un MLO biológico natural
Synthetic Condensate 000029,synthetic_condensate,Sintético,Condensado sintético de CDCODE; no corresponde a un MLO biológico natural
Synthetic Condensate 000030,synthetic_condensate,Sintético,Condensado sintético de CDCODE; no corresponde a un MLO biológico natural
Synthetic Condensate 000031,synthetic_condensate,Sintético,Condensado sintético de CDCODE; no corresponde a un MLO biológico natural
Synthetic Condensate 000032,synthetic_condensate,Sintético,Condensado sintético de CDCODE; no corresponde a un MLO biológico natural
Synthetic Condensate 000033,synthetic_condensate,Sintético,Condensado sintético de CDCODE; no corresponde a un MLO biológico natural
Synthetic Condensate 000034,synthetic_condensate,Sintético,Condensado sintético de CDCODE; no corresponde a un MLO biológico natural
Synthetic Condensate 000035,synthetic_condensate,Sintético,Condensado sintético de CDCODE; no corresponde a un MLO biológico natural
Synthetic Condensate 000036,synthetic_condensate,Sintético,Condensado sintético de CDCODE; no corresponde a un MLO biológico natural
Synthetic Condensate 000037,synthetic_condensate,Sintético,Condensado sintético de CDCODE; no corresponde a un MLO biológico natural
Synthetic Condensate 000038,synthetic_condensate,Sintético,Condensado sintético de CDCODE; no corresponde a un MLO biológico natural
Synthetic Condensate 000039,synthetic_condensate,Sintético,Condensado sintético de CDCODE; no corresponde a un MLO biológico natural
Synthetic Condensate 000040,synthetic_condensate,Sintético,Condensado sintético de CDCODE; no corresponde a un MLO biológico natural
Synthetic Condensate 000041,synthetic_condensate,Sintético,Condensado sintético de CDCODE; no corresponde a un MLO biológico natural
Synthetic Condensate 000042,synthetic_condensate,Sintético,Condensado sintético de CDCODE; no corresponde a un MLO biológico natural
Synthetic Condensate 000043,synthetic_condensate,Sintético,Condensado sintético de CDCODE; no corresponde a un MLO biológico natural
Synthetic Condensate 000044,synthetic_condensate,Sintético,Condensado sintético de CDCODE; no corresponde a un MLO biológico natural
Synthetic Condensate 000045,synthetic_condensate,Sintético,Condensado sintético de CDCODE; no corresponde a un MLO biológico natural
Synthetic Condensate 000046,synthetic_condensate,Sintético,Condensado sintético de CDCODE; no corresponde a un MLO biológico natural
Synthetic Condensate 000047,synthetic_condensate,Sintético,Condensado sintético de CDCODE; no corresponde a un MLO biológico natural
Synthetic Condensate 000048,synthetic_condensate,Sintético,Condensado sintético de CDCODE; no corresponde a un MLO biológico natural
Synthetic Condensate 000049,synthetic_condensate,Sintético,Condensado sintético de CDCODE; no corresponde a un MLO biológico natural
Synthetic Condensate 000050,synthetic_condensate,Sintético,Condensado sintético de CDCODE; no corresponde a un MLO biológico natural
Synthetic Condensate 000051,synthetic_condensate,Sintético,Condensado sintético de CDCODE; no corresponde a un MLO biológico natural
Synthetic Condensate 000052,synthetic_condensate,Sintético,Condensado sintético de CDCODE; no corresponde a un MLO biológico natural
Synthetic Condensate 000053,synthetic_condensate,Sintético,Condensado sintético de CDCODE; no corresponde a un MLO biológico natural
Synthetic Condensate 000054,synthetic_condensate,Sintético,Condensado sintético de CDCODE; no corresponde a un MLO biológico natural
Synthetic Condensate 000055,synthetic_condensate,Sintético,Condensado sintético de CDCODE; no corresponde a un MLO biológico natural
Synthetic Condensate 000056,synthetic_condensate,Sintético,Condensado sintético de CDCODE; no corresponde a un MLO biológico natural
Synthetic Condensate 000057,synthetic_condensate,Sintético,Condensado sintético de CDCODE; no corresponde a un MLO biológico natural
Synthetic Condensate 000058,synthetic_condensate,Sintético,Condensado sintético de CDCODE; no corresponde a un MLO biológico natural
Synthetic Condensate 000059,synthetic_condensate,Sintético,Condensado sintético de CDCODE; no corresponde a un MLO biológico natural
Synthetic Condensate 000060,synthetic_condensate,Sintético,Condensado sintético de CDCODE; no corresponde a un MLO biológico natural
Synthetic Condensate 000061,synthetic_condensate,Sintético,Condensado sintético de CDCODE; no corresponde a un MLO biológico natural
Synthetic Condensate 000062,synthetic_condensate,Sintético,Condensado sintético de CDCODE; no corresponde a un MLO biológico natural
Synthetic Condensate 000063,synthetic_condensate,Sintético,Condensado sintético de CDCODE; no corresponde a un MLO biológico natural
Synthetic Condensate 000064,synthetic_condensate,Sintético,Condensado sintético de CDCODE; no corresponde a un MLO biológico natural
Synthetic Condensate 000065,synthetic_condensate,Sintético,Condensado sintético de CDCODE; no corresponde a un MLO biológico natural
Synthetic Condensate 000066,synthetic_condensate,Sintético,Condensado sintético de CDCODE; no corresponde a un MLO biológico natural
Synthetic Condensate 000067,synthetic_condensate,Sintético,Condensado sintético de CDCODE; no corresponde a un MLO biológico natural
Synthetic Condensate 000068,synthetic_condensate,Sintético,Condensado sintético de CDCODE; no corresponde a un MLO biológico natural
Synthetic Condensate 000069,synthetic_condensate,Sintético,Condensado sintético de CDCODE; no corresponde a un MLO biológico natural
Synthetic Condensate 000070,synthetic_condensate,Sintético,Condensado sintético de CDCODE; no corresponde a un MLO biológico natural
Synthetic Condensate 000071,synthetic_condensate,Sintético,Condensado sintético de CDCODE; no corresponde a un MLO biológico natural
Synthetic Condensate 000072,synthetic_condensate,Sintético,Condensado sintético de CDCODE; no corresponde a un MLO biológico natural
Synthetic Condensate 000073,synthetic_condensate,Sintético,Condensado sintético de CDCODE; no corresponde a un MLO biológico natural
Synthetic Condensate 000074,synthetic_condensate,Sintético,Condensado sintético de CDCODE; no corresponde a un MLO biológico natural
Synthetic Condensate 000075,synthetic_condensate,Sintético,Condensado sintético de CDCODE; no corresponde a un MLO biológico natural
Synthetic Condensate 000076,synthetic_condensate,Sintético,Condensado sintético de CDCODE; no corresponde a un MLO biológico natural
Synthetic Condensate 000077,synthetic_condensate,Sintético,Condensado sintético de CDCODE; no corresponde a un MLO biológico natural
Synthetic Condensate 000078,synthetic_condensate,Sintético,Condensado sintético de CDCODE; no corresponde a un MLO biológico natural
Synthetic Condensate 000079,synthetic_condensate,Sintético,Condensado sintético de CDCODE; no corresponde a un MLO biológico natural
Synthetic Condensate 000080,synthetic_condensate,Sintético,Condensado sintético de CDCODE; no corresponde a un MLO biológico natural
Synthetic Condensate 000081,synthetic_condensate,Sintético,Condensado sintético de CDCODE; no corresponde a un MLO biológico natural
Synthetic Condensate 000082,synthetic_condensate,Sintético,Condensado sintético de CDCODE; no corresponde a un MLO biológico natural
Synthetic Condensate 000083,synthetic_condensate,Sintético,Condensado sintético de CDCODE; no corresponde a un MLO biológico natural
Synthetic Condensate 000084,synthetic_condensate,Sintético,Condensado sintético de CDCODE; no corresponde a un MLO biológico natural
Synthetic Condensate 000085,synthetic_condensate,Sintético,Condensado sintético de CDCODE; no corresponde a un MLO biológico natural
Synthetic Condensate 000086,synthetic_condensate,Sintético,Condensado sintético de CDCODE; no corresponde a un MLO biológico natural
Synthetic Condensate 000087,synthetic_condensate,Sintético,Condensado sintético de CDCODE; no corresponde a un MLO biológico natural
Synthetic Condensate 000088,synthetic_condensate,Sintético,Condensado sintético de CDCODE; no corresponde a un MLO biológico natural
Synthetic Condensate 000089,synthetic_condensate,Sintético,Condensado sintético de CDCODE; no corresponde a un MLO biológico natural
Synthetic Condensate 000090,synthetic_condensate,Sintético,Condensado sintético de CDCODE; no corresponde a un MLO biológico natural
Synthetic Condensate 000091,synthetic_condensate,Sintético,Condensado sintético de CDCODE; no corresponde a un MLO biológico natural
Synthetic Condensate 000092,synthetic_condensate,Sintético,Condensado sintético de CDCODE; no corresponde a un MLO biológico natural
Synthetic Condensate 000093,synthetic_condensate,Sintético,Condensado sintético de CDCODE; no corresponde a un MLO biológico natural
Synthetic Condensate 000094,synthetic_condensate,Sintético,Condensado sintético de CDCODE; no corresponde a un MLO biológico natural
Synthetic Condensate 000095,synthetic_condensate,Sintético,Condensado sintético de CDCODE; no corresponde a un MLO biológico natural
Synthetic Condensate 000096,synthetic_condensate,Sintético,Condensado sintético de CDCODE; no corresponde a un MLO biológico natural
Synthetic Condensate 000097,synthetic_condensate,Sintético,Condensado sintético de CDCODE; no corresponde a un MLO biológico natural
Synthetic Condensate 000098,synthetic_condensate,Sintético,Condensado sintético de CDCODE; no corresponde a un MLO biológico natural
Synthetic Condensate 000099,synthetic_condensate,Sintético,Condensado sintético de CDCODE; no corresponde a un MLO biológico natural
Synthetic Condensate 000100,synthetic_condensate,Sintético,Condensado sintético de CDCODE; no corresponde a un MLO biológico natural
Synthetic Condensate 000101,synthetic_condensate,Sintético,Condensado sintético de CDCODE; no corresponde a un MLO biológico natural
Synthetic Condensate 000102,synthetic_condensate,Sintético,Condensado sintético de CDCODE; no corresponde a un MLO biológico natural
Synthetic Condensate 000103,synthetic_condensate,Sintético,Condensado sintético de CDCODE; no corresponde a un MLO biológico natural
Synthetic Condensate 000104,synthetic_condensate,Sintético,Condensado sintético de CDCODE; no corresponde a un MLO biológico natural
Synthetic Condensate 000105,synthetic_condensate,Sintético,Condensado sintético de CDCODE; no corresponde a un MLO biológico natural
Synthetic Condensate 000106,synthetic_condensate,Sintético,Condensado sintético de CDCODE; no corresponde a un MLO biológico natural
Synthetic Condensate 000107,synthetic_condensate,Sintético,Condensado sintético de CDCODE; no corresponde a un MLO biológico natural
Synthetic Condensate 000108,synthetic_condensate,Sintético,Condensado sintético de CDCODE; no corresponde a un MLO biológico natural
Synthetic Condensate 000109,synthetic_condensate,Sintético,Condensado sintético de CDCODE; no corresponde a un MLO biológico natural
Synthetic Condensate 000110,synthetic_condensate,Sintético,Condensado sintético de CDCODE; no corresponde a un MLO biológico natural
Synthetic Condensate 000111,synthetic_condensate,Sintético,Condensado sintético de CDCODE; no corresponde a un MLO biológico natural
Synthetic Condensate 000112,synthetic_condensate,Sintético,Condensado sintético de CDCODE; no corresponde a un MLO biológico natural
Synthetic Condensate 000113,synthetic_condensate,Sintético,Condensado sintético de CDCODE; no corresponde a un MLO biológico natural
Synthetic Condensate 000114,synthetic_condensate,Sintético,Condensado sintético de CDCODE; no corresponde a un MLO biológico natural
Synthetic Condensate 000115,synthetic_condensate,Sintético,Condensado sintético de CDCODE; no corresponde a un MLO biológico natural
Synthetic Condensate 000116,synthetic_condensate,Sintético,Condensado sintético de CDCODE; no corresponde a un MLO biológico natural
Synthetic Condensate 000117,synthetic_condensate,Sintético,Condensado sintético de CDCODE; no corresponde a un MLO biológico natural
Synthetic Condensate 000118,synthetic_condensate,Sintético,Condensado sintético de CDCODE; no corresponde a un MLO biológico natural
Synthetic Condensate 000119,synthetic_condensate,Sintético,Condensado sintético de CDCODE; no corresponde a un MLO biológico natural
Synthetic Condensate 000120,synthetic_condensate,Sintético,Condensado sintético de CDCODE; no corresponde a un MLO biológico natural
Synthetic Condensate 000121,synthetic_condensate,Sintético,Condensado sintético de CDCODE; no corresponde a un MLO biológico natural
Synthetic Condensate 000122,synthetic_condensate,Sintético,Condensado sintético de CDCODE; no corresponde a un MLO biológico natural
Synthetic Condensate 000123,synthetic_condensate,Sintético,Condensado sintético de CDCODE; no corresponde a un MLO biológico natural
Synthetic Condensate 000124,synthetic_condensate,Sintético,Condensado sintético de CDCODE; no corresponde a un MLO biológico natural
Synthetic Condensate 000125,synthetic_condensate,Sintético,Condensado sintético de CDCODE; no corresponde a un MLO biológico natural
Synthetic Condensate 000126,synthetic_condensate,Sintético,Condensado sintético de CDCODE; no corresponde a un MLO biológico natural
Synthetic Condensate 000127,synthetic_condensate,Sintético,Condensado sintético de CDCODE; no corresponde a un MLO biológico natural
Synthetic Condensate 000128,synthetic_condensate,Sintético,Condensado sintético de CDCODE; no corresponde a un MLO biológico natural
Synthetic Condensate 000129,synthetic_condensate,Sintético,Condensado sintético de CDCODE; no corresponde a un MLO biológico natural
Synthetic Condensate 000130,synthetic_condensate,Sintético,Condensado sintético de CDCODE; no corresponde a un MLO biológico natural
Synthetic Condensate 000131,synthetic_condensate,Sintético,Condensado sintético de CDCODE; no corresponde a un MLO biológico natural
Synthetic Condensate 000132,synthetic_condensate,Sintético,Condensado sintético de CDCODE; no corresponde a un MLO biológico natural
Synthetic Condensate 000133,synthetic_condensate,Sintético,Condensado sintético de CDCODE; no corresponde a un MLO biológico natural
Synthetic Condensate 000134,synthetic_condensate,Sintético,Condensado sintético de CDCODE; no corresponde a un MLO biológico natural
Synthetic Condensate 000135,synthetic_condensate,Sintético,Condensado sintético de CDCODE; no corresponde a un MLO biológico natural
Synthetic Condensate 000136,synthetic_condensate,Sintético,Condensado sintético de CDCODE; no corresponde a un MLO biológico natural
Synthetic Condensate 000137,synthetic_condensate,Sintético,Condensado sintético de CDCODE; no corresponde a un MLO biológico natural
Synthetic Condensate 000138,synthetic_condensate,Sintético,Condensado sintético de CDCODE; no corresponde a un MLO biológico natural
Synthetic Condensate 000139,synthetic_condensate,Sintético,Condensado sintético de CDCODE; no corresponde a un MLO biológico natural
Synthetic Condensate 000140,synthetic_condensate,Sintético,Condensado sintético de CDCODE; no corresponde a un MLO biológico natural
Synthetic Condensate 000141,synthetic_condensate,Sintético,Condensado sintético de CDCODE; no corresponde a un MLO biológico natural
Synthetic Condensate 000142,synthetic_condensate,Sintético,Condensado sintético de CDCODE; no corresponde a un MLO biológico natural
Synthetic Condensate 000143,synthetic_condensate,Sintético,Condensado sintético de CDCODE; no corresponde a un MLO biológico natural
Synthetic Condensate 000144,synthetic_condensate,Sintético,Condensado sintético de CDCODE; no corresponde a un MLO biológico natural
Synthetic Condensate 000145,synthetic_condensate,Sintético,Condensado sintético de CDCODE; no corresponde a un MLO biológico natural
Synthetic Condensate 000146,synthetic_condensate,Sintético,Condensado sintético de CDCODE; no corresponde a un MLO biológico natural
Synthetic Condensate 000147,synthetic_condensate,Sintético,Condensado sintético de CDCODE; no corresponde a un MLO biológico natural
Synthetic Condensate 000148,synthetic_condensate,Sintético,Condensado sintético de CDCODE; no corresponde a un MLO biológico natural
Synthetic Condensate 000149,synthetic_condensate,Sintético,Condensado sintético de CDCODE; no corresponde a un MLO biológico natural
Synthetic Condensate 000150,synthetic_condensate,Sintético,Condensado sintético de CDCODE; no corresponde a un MLO biológico natural
Synthetic Condensate 000151,synthetic_condensate,Sintético,Condensado sintético de CDCODE; no corresponde a un MLO biológico natural
Synthetic Condensate 000152,synthetic_condensate,Sintético,Condensado sintético de CDCODE; no corresponde a un MLO biológico natural
Synthetic Condensate 000153,synthetic_condensate,Sintético,Condensado sintético de CDCODE; no corresponde a un MLO biológico natural
Synthetic Condensate 000154,synthetic_condensate,Sintético,Condensado sintético de CDCODE; no corresponde a un MLO biológico natural
Synthetic Condensate 000155,synthetic_condensate,Sintético,Condensado sintético de CDCODE; no corresponde a un MLO biológico natural
Synthetic Condensate 000156,synthetic_condensate,Sintético,Condensado sintético de CDCODE; no corresponde a un MLO biológico natural
Synthetic Condensate 000157,synthetic_condensate,Sintético,Condensado sintético de CDCODE; no corresponde a un MLO biológico natural
Synthetic Condensate 000158,synthetic_condensate,Sintético,Condensado sintético de CDCODE; no corresponde a un MLO biológico natural
Synthetic Condensate 000159,synthetic_condensate,Sintético,Condensado sintético de CDCODE; no corresponde a un MLO biológico natural
Synthetic Condensate 000160,synthetic_condensate,Sintético,Condensado sintético de CDCODE; no corresponde a un MLO biológico natural
Synthetic Condensate 000161,synthetic_condensate,Sintético,Condensado sintético de CDCODE; no corresponde a un MLO biológico natural
Synthetic Condensate 000162,synthetic_condensate,Sintético,Condensado sintético de CDCODE; no corresponde a un MLO biológico natural
Synthetic Condensate 000163,synthetic_condensate,Sintético,Condensado sintético de CDCODE; no corresponde a un MLO biológico natural
Synthetic Condensate 000164,synthetic_condensate,Sintético,Condensado sintético de CDCODE; no corresponde a un MLO biológico natural
Synthetic Condensate 000165,synthetic_condensate,Sintético,Condensado sintético de CDCODE; no corresponde a un MLO biológico natural
Synthetic Condensate 000166,synthetic_condensate,Sintético,Condensado sintético de CDCODE; no corresponde a un MLO biológico natural
Synthetic Condensate 000167,synthetic_condensate,Sintético,Condensado sintético de CDCODE; no corresponde a un MLO biológico natural
Synthetic Condensate 000168,synthetic_condensate,Sintético,Condensado sintético de CDCODE; no corresponde a un MLO biológico natural
Synthetic Condensate 000169,synthetic_condensate,Sintético,Condensado sintético de CDCODE; no corresponde a un MLO biológico natural
Synthetic Condensate 000170,synthetic_condensate,Sintético,Condensado sintético de CDCODE; no corresponde a un MLO biológico natural
Synthetic Condensate 000171,synthetic_condensate,Sintético,Condensado sintético de CDCODE; no corresponde a un MLO biológico natural
Synthetic Condensate 000172,synthetic_condensate,Sintético,Condensado sintético de CDCODE; no corresponde a un MLO biológico natural
Synthetic Condensate 000173,synthetic_condensate,Sintético,Condensado sintético de CDCODE; no corresponde a un MLO biológico natural
Synthetic Condensate 000174,synthetic_condensate,Sintético,Condensado sintético de CDCODE; no corresponde a un MLO biológico natural
Synthetic Condensate 000175,synthetic_condensate,Sintético,Condensado sintético de CDCODE; no corresponde a un MLO biológico natural
Synthetic Condensate 000176,synthetic_condensate,Sintético,Condensado sintético de CDCODE; no corresponde a un MLO biológico natural
Synthetic Condensate 000177,synthetic_condensate,Sintético,Condensado sintético de CDCODE; no corresponde a un MLO biológico natural
Synthetic Condensate 000178,synthetic_condensate,Sintético,Condensado sintético de CDCODE; no corresponde a un MLO biológico natural
Synthetic Condensate 000179,synthetic_condensate,Sintético,Condensado sintético de CDCODE; no corresponde a un MLO biológico natural
Synthetic Condensate 000180,synthetic_condensate,Sintético,Condensado sintético de CDCODE; no corresponde a un MLO biológico natural
Synthetic Condensate 000181,synthetic_condensate,Sintético,Condensado sintético de CDCODE; no corresponde a un MLO biológico natural
Synthetic Condensate 000182,synthetic_condensate,Sintético,Condensado sintético de CDCODE; no corresponde a un MLO biológico natural
Synthetic Condensate 000183,synthetic_condensate,Sintético,Condensado sintético de CDCODE; no corresponde a un MLO biológico natural
Synthetic Condensate 000184,synthetic_condensate,Sintético,Condensado sintético de CDCODE; no corresponde a un MLO biológico natural
Synthetic Condensate 000185,synthetic_condensate,Sintético,Condensado sintético de CDCODE; no corresponde a un MLO biológico natural
Synthetic Condensate 000186,synthetic_condensate,Sintético,Condensado sintético de CDCODE; no corresponde a un MLO biológico natural
Synthetic Condensate 000187,synthetic_condensate,Sintético,Condensado sintético de CDCODE; no corresponde a un MLO biológico natural
Synthetic Condensate 000188,synthetic_condensate,Sintético,Condensado sintético de CDCODE; no corresponde a un MLO biológico natural
Synthetic Condensate 000189,synthetic_condensate,Sintético,Condensado sintético de CDCODE; no corresponde a un MLO biológico natural
Synthetic Condensate 000190,synthetic_condensate,Sintético,Condensado sintético de CDCODE; no corresponde a un MLO biológico natural
Synthetic Condensate 000191,synthetic_condensate,Sintético,Condensado sintético de CDCODE; no corresponde a un MLO biológico natural
Synthetic Condensate 000192,synthetic_condensate,Sintético,Condensado sintético de CDCODE; no corresponde a un MLO biológico natural
Synthetic Condensate 000193,synthetic_condensate,Sintético,Condensado sintético de CDCODE; no corresponde a un MLO biológico natural
Synthetic Condensate 000194,synthetic_condensate,Sintético,Condensado sintético de CDCODE; no corresponde a un MLO biológico natural
Synthetic Condensate 000195,synthetic_condensate,Sintético,Condensado sintético de CDCODE; no corresponde a un MLO biológico natural
Synthetic Condensate 000196,synthetic_condensate,Sintético,Condensado sintético de CDCODE; no corresponde a un MLO biológico natural
Synthetic Condensate 000197,synthetic_condensate,Sintético,Condensado sintético de CDCODE; no corresponde a un MLO biológico natural
Synthetic Condensate 000198,synthetic_condensate,Sintético,Condensado sintético de CDCODE; no corresponde a un MLO biológico natural
Synthetic Condensate 000199,synthetic_condensate,Sintético,Condensado sintético de CDCODE; no corresponde a un MLO biológico natural
Synthetic Condensate 000200,synthetic_condensate,Sintético,Condensado sintético de CDCODE; no corresponde a un MLO biológico natural
Synthetic Condensate 000201,synthetic_condensate,Sintético,Condensado sintético de CDCODE; no corresponde a un MLO biológico natural
Synthetic Condensate 000202,synthetic_condensate,Sintético,Condensado sintético de CDCODE; no corresponde a un MLO biológico natural
Synthetic Condensate 000203,synthetic_condensate,Sintético,Condensado sintético de CDCODE; no corresponde a un MLO biológico natural
Synthetic Condensate 000204,synthetic_condensate,Sintético,Condensado sintético de CDCODE; no corresponde a un MLO biológico natural
Synthetic Condensate 000205,synthetic_condensate,Sintético,Condensado sintético de CDCODE; no corresponde a un MLO biológico natural
Synthetic Condensate 000206,synthetic_condensate,Sintético,Condensado sintético de CDCODE; no corresponde a un MLO biológico natural
Synthetic Condensate 000207,synthetic_condensate,Sintético,Condensado sintético de CDCODE; no corresponde a un MLO biológico natural
Synthetic Condensate 000208,synthetic_condensate,Sintético,Condensado sintético de CDCODE; no corresponde a un MLO biológico natural
Synthetic Condensate 000209,synthetic_condensate,Sintético,Condensado sintético de CDCODE; no corresponde a un MLO biológico natural
Synthetic Condensate 000210,synthetic_condensate,Sintético,Condensado sintético de CDCODE; no corresponde a un MLO biológico natural
Synthetic Condensate 000211,synthetic_condensate,Sintético,Condensado sintético de CDCODE; no corresponde a un MLO biológico natural
Synthetic Condensate 000212,synthetic_condensate,Sintético,Condensado sintético de CDCODE; no corresponde a un MLO biológico natural
Synthetic Condensate 000213,synthetic_condensate,Sintético,Condensado sintético de CDCODE; no corresponde a un MLO biológico natural
Synthetic Condensate 000214,synthetic_condensate,Sintético,Condensado sintético de CDCODE; no corresponde a un MLO biológico natural
Synthetic Condensate 000215,synthetic_condensate,Sintético,Condensado sintético de CDCODE; no corresponde a un MLO biológico natural
Synthetic Condensate 000216,synthetic_condensate,Sintético,Condensado sintético de CDCODE; no corresponde a un MLO biológico natural
Synthetic Condensate 000217,synthetic_condensate,Sintético,Condensado sintético de CDCODE; no corresponde a un MLO biológico natural
Synthetic Condensate 000218,synthetic_condensate,Sintético,Condensado sintético de CDCODE; no corresponde a un MLO biológico natural
Synthetic Condensate 000219,synthetic_condensate,Sintético,Condensado sintético de CDCODE; no corresponde a un MLO biológico natural
Synthetic Condensate 000220,synthetic_condensate,Sintético,Condensado sintético de CDCODE; no corresponde a un MLO biológico natural
Synthetic Condensate 000221,synthetic_condensate,Sintético,Condensado sintético de CDCODE; no corresponde a un MLO biológico natural
Synthetic Condensate 000222,synthetic_condensate,Sintético,Condensado sintético de CDCODE; no corresponde a un MLO biológico natural
Synthetic Condensate 000223,synthetic_condensate,Sintético,Condensado sintético de CDCODE; no corresponde a un MLO biológico natural
Synthetic Condensate 000224,synthetic_condensate,Sintético,Condensado sintético de CDCODE; no corresponde a un MLO biológico natural
Synthetic Condensate 000225,synthetic_condensate,Sintético,Condensado sintético de CDCODE; no corresponde a un MLO biológico natural
Synthetic Condensate 000226,synthetic_condensate,Sintético,Condensado sintético de CDCODE; no corresponde a un MLO biológico natural
Synthetic Condensate 000227,synthetic_condensate,Sintético,Condensado sintético de CDCODE; no corresponde a un MLO biológico natural
Synthetic Condensate 000228,synthetic_condensate,Sintético,Condensado sintético de CDCODE; no corresponde a un MLO biológico natural
Synthetic Condensate 000229,synthetic_condensate,Sintético,Condensado sintético de CDCODE; no corresponde a un MLO biológico natural
Synthetic Condensate 000230,synthetic_condensate,Sintético,Condensado sintético de CDCODE; no corresponde a un MLO biológico natural
Synthetic Condensate 000231,synthetic_condensate,Sintético,Condensado sintético de CDCODE; no corresponde a un MLO biológico natural
Synthetic Condensate 000232,synthetic_condensate,Sintético,Condensado sintético de CDCODE; no corresponde a un MLO biológico natural
Synthetic Condensate 000233,synthetic_condensate,Sintético,Condensado sintético de CDCODE; no corresponde a un MLO biológico natural
Synthetic Condensate 000234,synthetic_condensate,Sintético,Condensado sintético de CDCODE; no corresponde a un MLO biológico natural
Synthetic Condensate 000235,synthetic_condensate,Sintético,Condensado sintético de CDCODE; no corresponde a un MLO biológico natural
Synthetic Condensate 000236,synthetic_condensate,Sintético,Condensado sintético de CDCODE; no corresponde a un MLO biológico natural
Synthetic Condensate 000237,synthetic_condensate,Sintético,Condensado sintético de CDCODE; no corresponde a un MLO biológico natural
Synthetic Condensate 000238,synthetic_condensate,Sintético,Condensado sintético de CDCODE; no corresponde a un MLO biológico natural
Synthetic Condensate 000239,synthetic_condensate,Sintético,Condensado sintético de CDCODE; no corresponde a un MLO biológico natural
Synthetic Condensate 000240,synthetic_condensate,Sintético,Condensado sintético de CDCODE; no corresponde a un MLO biológico natural
Synthetic Condensate 000241,synthetic_condensate,Sintético,Condensado sintético de CDCODE; no corresponde a un MLO biológico natural
Synthetic Condensate 000242,synthetic_condensate,Sintético,Condensado sintético de CDCODE; no corresponde a un MLO biológico natural
Synthetic Condensate 000243,synthetic_condensate,Sintético,Condensado sintético de CDCODE; no corresponde a un MLO biológico natural
Synthetic Condensate 000244,synthetic_condensate,Sintético,Condensado sintético de CDCODE; no corresponde a un MLO biológico natural
Synthetic Condensate 000245,synthetic_condensate,Sintético,Condensado sintético de CDCODE; no corresponde a un MLO biológico natural
Synthetic Condensate 000246,synthetic_condensate,Sintético,Condensado sintético de CDCODE; no corresponde a un MLO biológico natural
Synthetic Condensate 000247,synthetic_condensate,Sintético,Condensado sintético de CDCODE; no corresponde a un MLO biológico natural
Synthetic Condensate 000248,synthetic_condensate,Sintético,Condensado sintético de CDCODE; no corresponde a un MLO biológico natural
Synthetic Condensate 000249,synthetic_condensate,Sintético,Condensado sintético de CDCODE; no corresponde a un MLO biológico natural
Synthetic Condensate 000250,synthetic_condensate,Sintético,Condensado sintético de CDCODE; no corresponde a un MLO biológico natural
Synthetic Condensate 000251,synthetic_condensate,Sintético,Condensado sintético de CDCODE; no corresponde a un MLO biológico natural
Synthetic Condensate 000252,synthetic_condensate,Sintético,Condensado sintético de CDCODE; no corresponde a un MLO biológico natural
Synthetic Condensate 000253,synthetic_condensate,Sintético,Condensado sintético de CDCODE; no corresponde a un MLO biológico natural
Synthetic Condensate 000254,synthetic_condensate,Sintético,Condensado sintético de CDCODE; no corresponde a un MLO biológico natural
Synthetic Condensate 000255,synthetic_condensate,Sintético,Condensado sintético de CDCODE; no corresponde a un MLO biológico natural
Synthetic Condensate 000256,synthetic_condensate,Sintético,Condensado sintético de CDCODE; no corresponde a un MLO biológico natural
Synthetic Condensate 000257,synthetic_condensate,Sintético,Condensado sintético de CDCODE; no corresponde a un MLO biológico natural
Synthetic Condensate 000258,synthetic_condensate,Sintético,Condensado sintético de CDCODE; no corresponde a un MLO biológico natural
Synthetic Condensate 000259,synthetic_condensate,Sintético,Condensado sintético de CDCODE; no corresponde a un MLO biológico natural
Synthetic Condensate 000260,synthetic_condensate,Sintético,Condensado sintético de CDCODE; no corresponde a un MLO biológico natural
Synthetic Condensate 000261,synthetic_condensate,Sintético,Condensado sintético de CDCODE; no corresponde a un MLO biológico natural
Synthetic Condensate 000262,synthetic_condensate,Sintético,Condensado sintético de CDCODE; no corresponde a un MLO biológico natural
Synthetic Condensate 000263,synthetic_condensate,Sintético,Condensado sintético de CDCODE; no corresponde a un MLO biológico natural
Synthetic Condensate 000264,synthetic_condensate,Sintético,Condensado sintético de CDCODE; no corresponde a un MLO biológico natural
Synthetic Condensate 000265,synthetic_condensate,Sintético,Condensado sintético de CDCODE; no corresponde a un MLO biológico natural
Synthetic Condensate 000266,synthetic_condensate,Sintético,Condensado sintético de CDCODE; no corresponde a un MLO biológico natural
Synthetic Condensate 000267,synthetic_condensate,Sintético,Condensado sintético de CDCODE; no corresponde a un MLO biológico natural
Synthetic Condensate 000268,synthetic_condensate,Sintético,Condensado sintético de CDCODE; no corresponde a un MLO biológico natural
Synthetic Condensate 000269,synthetic_condensate,Sintético,Condensado sintético de CDCODE; no corresponde a un MLO biológico natural
Synthetic Condensate 000270,synthetic_condensate,Sintético,Condensado sintético de CDCODE; no corresponde a un MLO biológico natural
Synthetic Condensate 000271,synthetic_condensate,Sintético,Condensado sintético de CDCODE; no corresponde a un MLO biológico natural
Synthetic Condensate 000272,synthetic_condensate,Sintético,Condensado sintético de CDCODE; no corresponde a un MLO biológico natural
Synthetic Condensate 000273,synthetic_condensate,Sintético,Condensado sintético de CDCODE; no corresponde a un MLO biológico natural
Synthetic Condensate 000274,synthetic_condensate,Sintético,Condensado sintético de CDCODE; no corresponde a un MLO biológico natural
Synthetic Condensate 000275,synthetic_condensate,Sintético,Condensado sintético de CDCODE; no corresponde a un MLO biológico natural
Synthetic Condensate 000276,synthetic_condensate,Sintético,Condensado sintético de CDCODE; no corresponde a un MLO biológico natural
Synthetic Condensate 000277,synthetic_condensate,Sintético,Condensado sintético de CDCODE; no corresponde a un MLO biológico natural
Synthetic Condensate 000278,synthetic_condensate,Sintético,Condensado sintético de CDCODE; no corresponde a un MLO biológico natural
Synthetic Condensate 000279,synthetic_condensate,Sintético,Condensado sintético de CDCODE; no corresponde a un MLO biológico natural
Synthetic Condensate 000280,synthetic_condensate,Sintético,Condensado sintético de CDCODE; no corresponde a un MLO biológico natural
Synthetic Condensate 000281,synthetic_condensate,Sintético,Condensado sintético de CDCODE; no corresponde a un MLO biológico natural
Synthetic Condensate 000282,synthetic_condensate,Sintético,Condensado sintético de CDCODE; no corresponde a un MLO biológico natural
Synthetic Condensate 000283,synthetic_condensate,Sintético,Condensado sintético de CDCODE; no corresponde a un MLO biológico natural
Synthetic Condensate 000284,synthetic_condensate,Sintético,Condensado sintético de CDCODE; no corresponde a un MLO biológico natural
Synthetic Condensate 000285,synthetic_condensate,Sintético,Condensado sintético de CDCODE; no corresponde a un MLO biológico natural
Synthetic Condensate 000286,synthetic_condensate,Sintético,Condensado sintético de CDCODE; no corresponde a un MLO biológico natural
Synthetic Condensate 000287,synthetic_condensate,Sintético,Condensado sintético de CDCODE; no corresponde a un MLO biológico natural
Synthetic Condensate 000288,synthetic_condensate,Sintético,Condensado sintético de CDCODE; no corresponde a un MLO biológico natural
Synthetic Condensate 000289,synthetic_condensate,Sintético,Condensado sintético de CDCODE; no corresponde a un MLO biológico natural
Synthetic Condensate 000290,synthetic_condensate,Sintético,Condensado sintético de CDCODE; no corresponde a un MLO biológico natural
Synthetic Condensate 000291,synthetic_condensate,Sintético,Condensado sintético de CDCODE; no corresponde a un MLO biológico natural
Synthetic Condensate 000292,synthetic_condensate,Sintético,Condensado sintético de CDCODE; no corresponde a un MLO biológico natural
Synthetic Condensate 000293,synthetic_condensate,Sintético,Condensado sintético de CDCODE; no corresponde a un MLO biológico natural
Synthetic Condensate 000294,synthetic_condensate,Sintético,Condensado sintético de CDCODE; no corresponde a un MLO biológico natural
Synthetic Condensate 000295,synthetic_condensate,Sintético,Condensado sintético de CDCODE; no corresponde a un MLO biológico natural
Synthetic Condensate 000296,synthetic_condensate,Sintético,Condensado sintético de CDCODE; no corresponde a un MLO biológico natural
Synthetic Condensate 000297,synthetic_condensate,Sintético,Condensado sintético de CDCODE; no corresponde a un MLO biológico natural
Synthetic Condensate 000298,synthetic_condensate,Sintético,Condensado sintético de CDCODE; no corresponde a un MLO biológico natural
Synthetic Condensate 000299,synthetic_condensate,Sintético,Condensado sintético de CDCODE; no corresponde a un MLO biológico natural
Synthetic Condensate 000300,synthetic_condensate,Sintético,Condensado sintético de CDCODE; no corresponde a un MLO biológico natural
Synthetic Condensate 000301,synthetic_condensate,Sintético,Condensado sintético de CDCODE; no corresponde a un MLO biológico natural
Synthetic Condensate 000302,synthetic_condensate,Sintético,Condensado sintético de CDCODE; no corresponde a un MLO biológico natural
Synthetic Condensate 000303,synthetic_condensate,Sintético,Condensado sintético de CDCODE; no corresponde a un MLO biológico natural
Synthetic Condensate 000304,synthetic_condensate,Sintético,Condensado sintético de CDCODE; no corresponde a un MLO biológico natural
Synthetic Condensate 000305,synthetic_condensate,Sintético,Condensado sintético de CDCODE; no corresponde a un MLO biológico natural
Synthetic Condensate 000306,synthetic_condensate,Sintético,Condensado sintético de CDCODE; no corresponde a un MLO biológico natural
Synthetic Condensate 000307,synthetic_condensate,Sintético,Condensado sintético de CDCODE; no corresponde a un MLO biológico natural
Synthetic Condensate 000308,synthetic_condensate,Sintético,Condensado sintético de CDCODE; no corresponde a un MLO biológico natural
Synthetic Condensate 000309,synthetic_condensate,Sintético,Condensado sintético de CDCODE; no corresponde a un MLO biológico natural
Synthetic Condensate 000310,synthetic_condensate,Sintético,Condensado sintético de CDCODE; no corresponde a un MLO biológico natural
Synthetic Condensate 000311,synthetic_condensate,Sintético,Condensado sintético de CDCODE; no corresponde a un MLO biológico natural
Synthetic Condensate 000312,synthetic_condensate,Sintético,Condensado sintético de CDCODE; no corresponde a un MLO biológico natural
Synthetic Condensate 000313,synthetic_condensate,Sintético,Condensado sintético de CDCODE; no corresponde a un MLO biológico natural
Synthetic Condensate 000314,synthetic_condensate,Sintético,Condensado sintético de CDCODE; no corresponde a un MLO biológico natural
Synthetic Condensate 000315,synthetic_condensate,Sintético,Condensado sintético de CDCODE; no corresponde a un MLO biológico natural
Synthetic Condensate 000316,synthetic_condensate,Sintético,Condensado sintético de CDCODE; no corresponde a un MLO biológico natural
Synthetic Condensate 000317,synthetic_condensate,Sintético,Condensado sintético de CDCODE; no corresponde a un MLO biológico natural
Synthetic Condensate 000318,synthetic_condensate,Sintético,Condensado sintético de CDCODE; no corresponde a un MLO biológico natural
Synthetic Condensate 000319,synthetic_condensate,Sintético,Condensado sintético de CDCODE; no corresponde a un MLO biológico natural
Synthetic Condensate 000320,synthetic_condensate,Sintético,Condensado sintético de CDCODE; no corresponde a un MLO biológico natural
Synthetic Condensate 000321,synthetic_condensate,Sintético,Condensado sintético de CDCODE; no corresponde a un MLO biológico natural
Synthetic Condensate 000322,synthetic_condensate,Sintético,Condensado sintético de CDCODE; no corresponde a un MLO biológico natural
Synthetic Condensate 000323,synthetic_condensate,Sintético,Condensado sintético de CDCODE; no corresponde a un MLO biológico natural
Synthetic Condensate 000324,synthetic_condensate,Sintético,Condensado sintético de CDCODE; no corresponde a un MLO biológico natural
Synthetic Condensate 000325,synthetic_condensate,Sintético,Condensado sintético de CDCODE; no corresponde a un MLO biológico natural
Synthetic Condensate 000326,synthetic_condensate,Sintético,Condensado sintético de CDCODE; no corresponde a un MLO biológico natural
Synthetic Condensate 000327,synthetic_condensate,Sintético,Condensado sintético de CDCODE; no corresponde a un MLO biológico natural
Synthetic Condensate 000328,synthetic_condensate,Sintético,Condensado sintético de CDCODE; no corresponde a un MLO biológico natural
Synthetic Condensate 000329,synthetic_condensate,Sintético,Condensado sintético de CDCODE; no corresponde a un MLO biológico natural
Synthetic Condensate 000330,synthetic_condensate,Sintético,Condensado sintético de CDCODE; no corresponde a un MLO biológico natural
Synthetic Condensate 000331,synthetic_condensate,Sintético,Condensado sintético de CDCODE; no corresponde a un MLO biológico natural
Synthetic Condensate 000332,synthetic_condensate,Sintético,Condensado sintético de CDCODE; no corresponde a un MLO biológico natural
Synthetic Condensate 000333,synthetic_condensate,Sintético,Condensado sintético de CDCODE; no corresponde a un MLO biológico natural
Synthetic Condensate 000334,synthetic_condensate,Sintético,Condensado sintético de CDCODE; no corresponde a un MLO biológico natural
Synthetic Condensate 000335,synthetic_condensate,Sintético,Condensado sintético de CDCODE; no corresponde a un MLO biológico natural
Synthetic Condensate 000336,synthetic_condensate,Sintético,Condensado sintético de CDCODE; no corresponde a un MLO biológico natural
Synthetic Condensate 000337,synthetic_condensate,Sintético,Condensado sintético de CDCODE; no corresponde a un MLO biológico natural
Synthetic Condensate 000338,synthetic_condensate,Sintético,Condensado sintético de CDCODE; no corresponde a un MLO biológico natural
Synthetic Condensate 000339,synthetic_condensate,Sintético,Condensado sintético de CDCODE; no corresponde a un MLO biológico natural
Synthetic Condensate 000340,synthetic_condensate,Sintético,Condensado sintético de CDCODE; no corresponde a un MLO biológico natural
Synthetic Condensate 000341,synthetic_condensate,Sintético,Condensado sintético de CDCODE; no corresponde a un MLO biológico natural
Synthetic Condensate 000342,synthetic_condensate,Sintético,Condensado sintético de CDCODE; no corresponde a un MLO biológico natural
Synthetic Condensate 000343,synthetic_condensate,Sintético,Condensado sintético de CDCODE; no corresponde a un MLO biológico natural
Synthetic Condensate 000344,synthetic_condensate,Sintético,Condensado sintético de CDCODE; no corresponde a un MLO biológico natural
Synthetic Condensate 000345,synthetic_condensate,Sintético,Condensado sintético de CDCODE; no corresponde a un MLO biológico natural
Synthetic Condensate 000346,synthetic_condensate,Sintético,Condensado sintético de CDCODE; no corresponde a un MLO biológico natural
Synthetic Condensate 000347,synthetic_condensate,Sintético,Condensado sintético de CDCODE; no corresponde a un MLO biológico natural
Synthetic Condensate 000348,synthetic_condensate,Sintético,Condensado sintético de CDCODE; no corresponde a un MLO biológico natural
Synthetic Condensate 000349,synthetic_condensate,Sintético,Condensado sintético de CDCODE; no corresponde a un MLO biológico natural
Synthetic Condensate 000350,synthetic_condensate,Sintético,Condensado sintético de CDCODE; no corresponde a un MLO biológico natural
Synthetic Condensate 000351,synthetic_condensate,Sintético,Condensado sintético de CDCODE; no corresponde a un MLO biológico natural
Synthetic Condensate 000352,synthetic_condensate,Sintético,Condensado sintético de CDCODE; no corresponde a un MLO biológico natural
Synthetic Condensate 000353,synthetic_condensate,Sintético,Condensado sintético de CDCODE; no corresponde a un MLO biológico natural
Synthetic Condensate 000354,synthetic_condensate,Sintético,Condensado sintético de CDCODE; no corresponde a un MLO biológico natural
Synthetic Condensate 000355,synthetic_condensate,Sintético,Condensado sintético de CDCODE; no corresponde a un MLO biológico natural
Synthetic Condensate 000356,synthetic_condensate,Sintético,Condensado sintético de CDCODE; no corresponde a un MLO biológico natural
Synthetic Condensate 000357,synthetic_condensate,Sintético,Condensado sintético de CDCODE; no corresponde a un MLO biológico natural
Synthetic Condensate 000358,synthetic_condensate,Sintético,Condensado sintético de CDCODE; no corresponde a un MLO biológico natural
Synthetic Condensate 000359,synthetic_condensate,Sintético,Condensado sintético de CDCODE; no corresponde a un MLO biológico natural
Synthetic Condensate 000360,synthetic_condensate,Sintético,Condensado sintético de CDCODE; no corresponde a un MLO biológico natural
Synthetic Condensate 000361,synthetic_condensate,Sintético,Condensado sintético de CDCODE; no corresponde a un MLO biológico natural
Synthetic Condensate 000362,synthetic_condensate,Sintético,Condensado sintético de CDCODE; no corresponde a un MLO biológico natural
Synthetic Condensate 000363,synthetic_condensate,Sintético,Condensado sintético de CDCODE; no corresponde a un MLO biológico natural
Synthetic Condensate 000364,synthetic_condensate,Sintético,Condensado sintético de CDCODE; no corresponde a un MLO biológico natural
Synthetic Condensate 000365,synthetic_condensate,Sintético,Condensado sintético de CDCODE; no corresponde a un MLO biológico natural
Synthetic Condensate 000366,synthetic_condensate,Sintético,Condensado sintético de CDCODE; no corresponde a un MLO biológico natural
Synthetic Condensate 000367,synthetic_condensate,Sintético,Condensado sintético de CDCODE; no corresponde a un MLO biológico natural
Synthetic Condensate 000368,synthetic_condensate,Sintético,Condensado sintético de CDCODE; no corresponde a un MLO biológico natural
Synthetic Condensate 000369,synthetic_condensate,Sintético,Condensado sintético de CDCODE; no corresponde a un MLO biológico natural
Synthetic Condensate 000370,synthetic_condensate,Sintético,Condensado sintético de CDCODE; no corresponde a un MLO biológico natural
Synthetic Condensate 000371,synthetic_condensate,Sintético,Condensado sintético de CDCODE; no corresponde a un MLO biológico natural
Synthetic Condensate 000372,synthetic_condensate,Sintético,Condensado sintético de CDCODE; no corresponde a un MLO biológico natural
Synthetic Condensate 000373,synthetic_condensate,Sintético,Condensado sintético de CDCODE; no corresponde a un MLO biológico natural
Synthetic Condensate 000374,synthetic_condensate,Sintético,Condensado sintético de CDCODE; no corresponde a un MLO biológico natural
Synthetic Condensate 000375,synthetic_condensate,Sintético,Condensado sintético de CDCODE; no corresponde a un MLO biológico natural
Synthetic Condensate 000376,synthetic_condensate,Sintético,Condensado sintético de CDCODE; no corresponde a un MLO biológico natural
Synthetic Condensate 000377,synthetic_condensate,Sintético,Condensado sintético de CDCODE; no corresponde a un MLO biológico natural
Synthetic Condensate 000378,synthetic_condensate,Sintético,Condensado sintético de CDCODE; no corresponde a un MLO biológico natural
Synthetic Condensate 000379,synthetic_condensate,Sintético,Condensado sintético de CDCODE; no corresponde a un MLO biológico natural
Synthetic Condensate 000380,synthetic_condensate,Sintético,Condensado sintético de CDCODE; no corresponde a un MLO biológico natural
Synthetic Condensate 000381,synthetic_condensate,Sintético,Condensado sintético de CDCODE; no corresponde a un MLO biológico natural
Synthetic Condensate 000382,synthetic_condensate,Sintético,Condensado sintético de CDCODE; no corresponde a un MLO biológico natural
Synthetic Condensate 000383,synthetic_condensate,Sintético,Condensado sintético de CDCODE; no corresponde a un MLO biológico natural
Synthetic Condensate 000384,synthetic_condensate,Sintético,Condensado sintético de CDCODE; no corresponde a un MLO biológico natural
Synthetic Condensate 000385,synthetic_condensate,Sintético,Condensado sintético de CDCODE; no corresponde a un MLO biológico natural
Synthetic Condensate 000386,synthetic_condensate,Sintético,Condensado sintético de CDCODE; no corresponde a un MLO biológico natural
actin cortical patch,actin_cortical_patch,Citoesqueleto,Variante de capitalización de 'Actin cortical patch' (PhasePro)
BR-bodies,bacterial_rnp_body,Procariota,Plural de 'BR-body'; gránulos RNP bacterianos
Cytoplasmic viral factory,viral_factory,Viral,Variante de capitalización de 'cytoplasmic viral factory'
Dense fibrillar component,nucleolus,Nuclear,Variante de capitalización; subestructura DFC del nucleolo (cf. 'dense fibrillar component')
Dense Fibrillar Component,nucleolus,Nuclear,Variante de capitalización; subestructura DFC del nucleolo
FXR1 network,cytoplasmic_rnp_granule,Citoplasmático,Red de FXR1; agrupado con 'FXR1 condensates' → cytoplasmic_rnp_granule
Granular component,nucleolus,Nuclear,Variante de capitalización; subestructura GC del nucleolo (cf. 'granular component')
Histone Locus Body,histone_locus_body,Nuclear,Variante de capitalización de 'Histone locus body'
Inclusion Body,inclusion_body,Patológico,Variante de capitalización de 'Inclusion body'
Insulator body,insulator_body,Nuclear,Variante de capitalización de 'insulator body'
L-bodies,l_body,Germinal,Plural de 'L-body'; gránulos de ARNm en Xenopus
Mediator condensate,mediator_condensate,Nuclear,Variante de capitalización de 'mediator condensate'
MUTator foci,mutator_foci,Germinal,Variante de capitalización de 'Mutator foci'
Necrosome,necrosome,Citoplasmático,Variante sin modificador de 'Arsenite-induced Necrosome'; mismo condensado RIP1-RIP3
Osmotic stress granule,stress_granule,Citoplasmático,Gránulo de estrés osmótico; mecanismo de ensamblaje idéntico al stress granule canónico
P62 body,p62_body,Citoplasmático,Variante de capitalización de 'p62 body'
P62 cluster,p62_body,Citoplasmático,Variante de capitalización de 'p62 cluster'
Pyrenoid,pyrenoid,Plastídico,Variante de capitalización de 'pyrenoid'
RNP granules,cytoplasmic_rnp_granule,Citoplasmático,Plural de 'RNP granule'; agrupado con cytoplasmic_rnp_granule
Sirna body,sirna_body,Citoplasmático,Variante de capitalización de 'siRNA body'
Stress Granule,stress_granule,Citoplasmático,Variante de capitalización de 'Stress granule'
Tam body,tam_body,Nuclear,Variante de capitalización de 'TAM body'
Tau Condensate,tau_condensate,Neuronal,Variante de capitalización de 'Tau condensate'
Tau inclusion,tau_condensate,Neuronal,Inclusión de tau; forma patológica del tau condensate
Viral factory,viral_factory,Viral,Variante de capitalización; fábrica viral genérica
Centrosome/Spindle pole body,spindle_pole_body,Citoesqueleto,Entrada mixta de bases de datos; término de SPB fúngico. Ver spindle_pole_body.
contractile ring,contractile_ring,Citoesqueleto,Anillo de actomiosina en citocinesis (PhasePro); estructura condensado-like mantenida como entrada independiente
Cytoplasmic virion assembly compartment,viral_factory,Viral,Compartimento citoplasmático de ensamblaje viral; equivalente a viral_factory
Destruction complex condensate,wnt_destruction_complex,Citoplasmático,Variante de nombre para el complejo de destrucción de β-catenina. Ver wnt_destruction_complex.
Dvl2 condensate,wnt_signaling_condensate,Citoplasmático,Condensado Dishevelled; vía Wnt (decisions §3.8; cf. DVL2 condensates)
Euchromatin,chromatin_compartment,Nuclear,Fase eucromatínica de la cromatina (decisions §3.7)
Germ plasm/Polar granule,germ_plasm,Germinal,Combinación DrLLPS; polar granule = germ plasm en Drosophila (decisions §3.4)
IMP1 RNP granule,neuronal_granule,Neuronal,Gránulo IMP1; similar a neuronal granule por composición (decisions §5)
NotInformed,NotInformed,Unspecified,Valor especial: proteína sin MLO asignado en la fuente; incluida en DB como phase-separating sin contexto de condensado específico
Pericentriolar material,centrosome,Citoesqueleto,PCM es el componente condensado del centrosoma (decisions §3.1)
Photobody,plant_photobody,Vegetal,Cuerpo nuclear de fotorreceptores en plantas (PhyB/CRY); equivalente a plant_photobody
Proteasome Storage Granule,proteasome_foci,Nuclear,PSG de levaduras; gránulo de almacenamiento del proteasoma bajo ayuno; agrupado con proteasome_foci
Spindle matrix,spindle_apparatus,Citoesqueleto,Matriz proteinácea del huso; variante de spindle apparatus (decisions §3.1)
"synaptosome, neuron projection",DISCARD,NULL,Término GO de morfología neuronal; no es un MLO (decisions §4)
ViPR body,vipr_body,Nuclear,Cuerpo nuclear inducido por infección viral (PhaSepDB); condensado de respuesta antiviral nuclear
Virion assembly compartment,viral_factory,Viral,Compartimento de ensamblaje viral; equivalente a viral_factory
VRO-associated condensate,replication_compartment,Viral/Nuclear,Condensado de VRO (Viral Replication Organelle); incluido en replication_compartment (decisions §3.9)
Wnt signalodroplet,wnt_signaling_condensate,Citoplasmático,Droplet de señalización Wnt de PhaSepDB; equivalente funcional a DVL2/Dishevelled condensate
XY body,heterochromatin,Nuclear,Cuerpo sexual cromosómico; heterocromatina facultativa (decisions §3.7; cf. sex body)
Abscission checkpoint body,abscission_checkpoint_body,Nuclear,Cuerpos ESCRT-III que detienen la abscisión en el puente de citocinesis [PMID:29093048]
Amyloid body,amyloid_body,Nuclear,Amiloide funcional nucleolar (Rim101/CPEB); estructura distinta del amyloid_aggregate patológico
Antiviral condensate,antiviral_condensate,Citoplasmático,Condensado de respuesta antiviral innata; distinto del stress granule aunque comparte componentes
BAG2 condensate,bag2_condensate,Citoplasmático,Condensado del cochaperone BAG2 (PhaSepDB); distinto del aggresome según anotación de fuente
ELKS condensate,elks_condensate,Neuronal,Condensado presináptico del scaffold ELKS/CAST; organiza la zona activa sináptica
GBPL defense-activated condensates,gbpl_condensate,Vegetal,Condensados de defensa de GBPL3 en plantas; respuesta inmune innata vegetal [PMID:33087907]
Haemoglobin body,haemoglobin_body,Citoplasmático,Cuerpos ricos en hemoglobina en precursores eritroides; condensado de Hb por LLPS
HIV-1-MLO,viral_factory,Viral,MLO inducido por HIV-1; equivalente funcional a fábrica viral en ciclo lentiviral
Intranuclear quality control compartment,inq_compartment,Nuclear,Compartimento INQ de control de calidad proteica intranuclear en levaduras [PMID:23973096]
KAT6A droplet,kat6a_condensate,Nuclear,Condensado de la acetiltransferasa KAT6A; regula transcripción por LLPS
Mast cell extracellular granules (MCEGs),mast_cell_granule,Secretor,Gránulos extracelulares de mastocitos (CDCODE); compartimentos de secreción con propiedades de condensado
Mesh-like condensate,mesh_condensate,Citoplasmático,Condensado con morfología de malla (PhaSepDB); término descriptivo sin identidad molecular específica documentada
NikR compartments,nikr_compartment,Procariota,Compartimentos del represor NikR de níquel en H. pylori; condensados bacterianos de respuesta metálica
Non-paraspeckle NONO condensate,nono_condensate,Nuclear,Condensado nuclear de NONO/p54nrb independiente del paraspeckle; función diferenciada en splicing
Rbm14-maternal mRNA condensate,maternal_mrna_condensate,Germinal,Condensado maternal de mRNA mediado por RBM14 en Xenopus; gránulos de ARNm pre-fertilización
TDP-43 nuclear condensate,tdp43_nuclear_condensate,Nuclear,Condensado nuclear de TDP-43; distinto de los agregados citoplasmáticos de TDP-43 en SGs
TmaR condensate,tmar_condensate,Procariota,Condensado del regulador TmaR en E. coli; condensado bacteriano de respuesta a acetato
TWN body,twn_body,Vegetal,TWIN body en Arabidopsis; condensado de desarrollo embrionario vegetal
U1 snRNP condensate,u1_snrnp_condensate,Nuclear,Condensado de U1 snRNP; concentración dinámica de maquinaria de splicing
Ubqln puncta,ubqln_puncta,Citoplasmático,Foci de ubiquilina (UBQLN1/2) de CDCODE; condensados de control de calidad proteica
Cytoplasmic Nucleoporin Granule,cytoplasmic_nucleoporin_granule,Nuclear,Gránulos citoplasmáticos de nucleoporinas; condensados de FG-nucleoporinas fuera del poro [PMID:30257218]
RNP transport granule,neuronal_granule,Neuronal,Gránulo de transporte de ARNm neuronal; subclase de neuronal granule con función de transporte axonal/dendrítico
NORAD-PUM body,norad_pum_body,Citoplasmático,Condensado NORAD-PUMILIO; regula la actividad de PUM1/2 secuestrándola en un condensado citoplasmático [PMID:30449725]
PML/RARα microspeckle,pml_nuclear_body,Nuclear,Microspeckle de PML con fusión RARα; forma variante de cuerpo PML en leucemia promielocítica aguda
Pab2 nuclear condensate,pab2_condensate,Nuclear,Condensado nuclear de Pab2 en S. pombe; condensado de poliadenilación nuclear en levaduras
Cytoplasmic protein granule,cytoplasmic_rnp_granule,Citoplasmático,Término CDCODE para gránulos citoplasmáticos; agrupado con cytoplasmic ribonucleoprotein granule
Galectin complex,galectin_condensate,Membrana,Complejo de galectinas en membrana; forma condensados en respuesta a daño de membrana [PMID:30257216]
FIP200 puncta,fip200_puncta,Autofagia,Puncta formadas por FIP200 (RB1CC1) durante iniciación de autofagia; condensados de pre-autofagosoma [PMID:35165166]
Cortical condensate,cortical_condensate,Membrana,Condensado cortical en membrana plasmática; estructuras asociadas al córtex de actina
ICP22 condensate,icp22_condensate,Viral,Condensado viral formado por la proteína ICP22 del virus herpes simplex; fábrica viral nuclear [PMID:33060132]
RNA-helicase condensates,rna_helicase_condensate,Citoplasmático,Condensados formados por RNA helicasas; estructuras relacionadas con procesamiento de RNA
